  PID  PPID  %CPU COMM
    1     0   0.0 /sbin/launchd
  161  2271   0.0 /Applications/Google Chrome.app/Contents/Frameworks/Google Chrome Framework.framework/Versions/151.0.7922.169/Helpers/Google Chrome Helper (Renderer).app/Contents/MacOS/Google Chrome Helper (Renderer)
  615     1   0.5 /usr/libexec/logd
  616     1   0.0 /usr/libexec/smd
  617     1   0.0 /usr/libexec/UserEventAgent
  619     1   0.0 /System/Library/Frameworks/CoreServices.framework/Versions/A/Frameworks/FSEvents.framework/Versions/A/Support/fseventsd
  620     1   0.0 /System/Library/PrivateFrameworks/MediaRemote.framework/Support/mediaremoted
  622     1   0.0 /usr/sbin/systemstats
  625     1   0.0 /usr/libexec/uarpassetmanagerd
  626     1   0.0 /usr/libexec/configd
  627     1   0.0 endpointsecurityd
  628     1   0.0 /System/Library/CoreServices/powerd.bundle/powerd
  629     1   0.0 /usr/libexec/IOMFB_bics_daemon
  631     1   0.0 /usr/libexec/amfid
  633     1   0.0 /usr/libexec/remoted
  635     1   0.0 /usr/libexec/keybagd
  636     1   0.0 /System/Library/PrivateFrameworks/MobileSoftwareUpdate.framework/Support/softwareupdated
  637     1   0.0 /System/Library/PrivateFrameworks/CoreSpeech.framework/corespeechd_system
  639     1   0.0 /usr/libexec/watchdogd
  643     1   0.0 /System/Library/Frameworks/CoreServices.framework/Versions/A/Frameworks/Metadata.framework/Versions/A/Support/mds
  644     1   0.0 /System/Library/CoreServices/iconservicesd
  645     1   0.0 /usr/libexec/kernelmanagerd
  646     1   0.0 /usr/libexec/diskarbitrationd
  649     1   0.0 /usr/libexec/coreduetd
  650     1   0.0 /usr/sbin/syslogd
  652     1   0.0 /usr/libexec/thermalmonitord
  653     1   0.0 /System/Library/PrivateFrameworks/CoreDuetContext.framework/Resources/contextstored
  654     1   0.0 /usr/libexec/xprotectd
  655     1   0.0 /usr/libexec/opendirectoryd
  656     1   0.0 /System/Library/PrivateFrameworks/ApplePushService.framework/apsd
  657     1   0.0 /System/Library/CoreServices/launchservicesd
  658     1   0.0 /usr/libexec/timed
  659     1   0.0 /System/Library/PrivateFrameworks/MobileDevice.framework/Versions/A/Resources/usbmuxd
  660     1   0.0 /usr/sbin/securityd
  662     1   0.0 /usr/libexec/locationd
  663     1   0.0 /usr/libexec/nesessionmanager
  665     1   0.0 autofsd
  666     1   0.0 /usr/libexec/dasd
  667     1   0.0 /usr/libexec/corerepaird
  669     1   0.0 /usr/sbin/distnoted
  670     1   0.0 /System/Library/PrivateFrameworks/AppleCredentialManager.framework/AppleCredentialManagerDaemon
  672     1   0.0 /usr/libexec/dirhelper
  673     1   0.0 /System/Library/CoreServices/logind
  674     1   0.0 /System/Library/PrivateFrameworks/GenerationalStorage.framework/Versions/A/Support/revisiond
  675     1   0.0 /usr/sbin/KernelEventAgent
  676     1   0.0 /usr/libexec/peakpowermanagerd
  677     1   0.0 /usr/libexec/usermanagerd
  680     1   0.2 /usr/sbin/notifyd
  681     1   0.0 /usr/libexec/sandboxd
  682     1   0.1 /usr/libexec/corebrightnessd
  683     1   0.0 /usr/libexec/AirPlayXPCHelper
  684     1   0.0 /System/Library/Frameworks/CoreMediaIO.framework/Versions/A/Resources/com.apple.cmio.registerassistantservice
  685     1   0.0 aslmanager
  686     1   0.0 /usr/libexec/logd_helper
  687     1   0.0 /System/Library/PrivateFrameworks/TCC.framework/Support/tccd
  688     1   0.0 /usr/sbin/cfprefsd
  691     1   0.0 /usr/libexec/fskitd
  692     1   0.0 /usr/libexec/powerexperienced
  693     1   0.0 /usr/libexec/runningboardd
  694     1   0.7 /usr/libexec/trustd
  695     1   0.0 /System/Library/PrivateFrameworks/CoreAnalytics.framework/Support/analyticsd
  696     1   0.0 /System/Library/CoreServices/coreservicesd
  697     1   0.0 /usr/libexec/trustdFileHelper
  698     1   0.0 /usr/libexec/securityd_system
  700     1   0.0 /usr/libexec/lsd
  701     1   0.0 /usr/libexec/containermanagerd_system
  702     1   0.0 /usr/sbin/coreaudiod
  705     1   0.0 /System/Library/PrivateFrameworks/SystemStatusServer.framework/Support/systemstatusd
  706     1   0.0 /usr/libexec/mobileassetd
  707     1   0.0 /System/Library/CoreServices/TimeMachine/backupd-helper
  708     1   0.0 /usr/libexec/PowerUIAgent
  709     1   0.0 /System/Library/CoreServices/liquiddetectiond.app/liquiddetectiond
  710     1   0.0 /usr/libexec/apfsd
  711     1   0.0 /usr/libexec/nsurlsessiond
  712     1   0.0 /usr/libexec/aned
  713     1   0.0 /usr/libexec/nehelper
  714     1   0.0 /usr/libexec/eligibilityd
  715     1   0.0 /usr/libexec/hidd
  718     1   0.0 /usr/libexec/biometrickitd
  723     1   0.0 /usr/libexec/secinitd
  725     1   0.1 /usr/libexec/airportd
  726     1   0.0 /usr/sbin/distnoted
  729     1   0.0 /usr/sbin/distnoted
  730     1   0.0 /usr/libexec/symptomsd
  736     1   0.0 /usr/libexec/ApplicationFirewall/socketfilterfw
  741     1   0.0 /System/Library/Frameworks/Security.framework/Versions/A/XPCServices/authd.xpc/Contents/MacOS/authd
  743     1   0.0 /usr/sbin/distnoted
  746     1   0.0 /System/Library/PrivateFrameworks/BiomeStreams.framework/Support/biomed
  755     1   0.0 Core Audio Driver (MSTeamsAudioDevice.driver)
  756     1   0.0 /System/Library/Frameworks/CoreAudio.framework/Versions/A/XPCServices/com.apple.audio.DriverHelper.xpc/Contents/MacOS/com.apple.audio.DriverHelper
  760     1   0.0 /usr/sbin/WirelessRadioManagerd
  764     1   0.0 /System/Library/Frameworks/NetFS.framework/Versions/A/XPCServices/PlugInLibraryService.xpc/Contents/MacOS/PlugInLibraryService
  765     1   0.0 /usr/libexec/audiomxd
  781     1   0.0 /System/Library/Frameworks/SystemExtensions.framework/Versions/A/Helpers/sysextd
  786     1   0.0 /System/Library/Frameworks/AudioToolbox.framework/AudioComponentRegistrar
  792     1   0.0 /usr/libexec/colorsync.displayservices
  793     1   0.0 /System/Library/PrivateFrameworks/BackgroundTaskManagement.framework/Resources/backgroundtaskmanagementd
  797     1   0.0 /usr/libexec/triald_system
  798     1   0.0 /System/Library/Frameworks/AudioToolbox.framework/XPCServices/com.apple.audio.SandboxHelper.xpc/Contents/MacOS/com.apple.audio.SandboxHelper
  800     1   0.0 /System/Library/PrivateFrameworks/MobileAssetDaemon.framework/Versions/A/XPCServices/com.apple.MobileAsset.DownloadService.Builtin.xpc/Contents/MacOS/com.apple.MobileAsset.DownloadService.Builtin
  801     1   0.0 /System/Library/Frameworks/Security.framework/Versions/A/XPCServices/com.apple.CodeSigningHelper.xpc/Contents/MacOS/com.apple.CodeSigningHelper
  802     1   0.0 /usr/libexec/audioclocksyncd
  803     1   0.0 /usr/libexec/findmybeaconingd
  804     1   0.1 /usr/sbin/mDNSResponder
  805     1   0.0 /System/Library/CoreServices/TimeMachine/backupd
  806     1   0.0 /usr/sbin/distnoted
  807     1   0.0 /System/Library/Frameworks/ColorSync.framework/Versions/A/XPCServices/com.apple.ColorSyncXPCAgent.xpc/Contents/MacOS/com.apple.ColorSyncXPCAgent
  808     1   0.0 /usr/libexec/com.apple.cmio.videodriverkithostextension.systemextension/Contents/MacOS/com.apple.cmio.videodriverkithostextension
  809     1   0.0 /usr/sbin/appleh13camerad
  810     1   0.0 /System/Library/PrivateFrameworks/PowerLog.framework/Versions/A/XPCServices/PerfPowerTelemetryClientRegistrationService.xpc/Contents/MacOS/PerfPowerTelemetryClientRegistrationService
  811     1   0.0 /System/Library/CoreServices/Software Update.app/Contents/Resources/softwareupdated
  812     1   0.0 /usr/sbin/mDNSResponderHelper
  813     1   0.0 /System/Library/PrivateFrameworks/GeoServices.framework/Versions/A/XPCServices/com.apple.geod.xpc/Contents/MacOS/com.apple.geod
  814     1   0.0 /usr/sbin/distnoted
  815     1   0.0 /System/Library/Frameworks/CoreServices.framework/Versions/A/Frameworks/Metadata.framework/Versions/A/Support/mds_stores
  817     1   0.0 /usr/libexec/colorsyncd
  818     1   0.0 /usr/libexec/audioanalyticsd
  819     1   0.0 /System/Library/PrivateFrameworks/AppleDeviceQuerySupport.framework/Versions/A/XPCServices/AppleDeviceQueryService.xpc/Contents/MacOS/AppleDeviceQueryService
  820     1   0.0 /usr/libexec/secinitd
  821     1   0.0 /usr/libexec/aneuserd
  822     1   0.0 /usr/libexec/online-auth-agent
  823     1   0.0 /System/Library/PrivateFrameworks/Categories.framework/Versions/A/XPCServices/CategoriesService.xpc/Contents/MacOS/CategoriesService
  824     1   0.0 /usr/libexec/modelmanagerd
  825     1   0.0 /usr/sbin/cfprefsd
  826     1   0.0 /System/Library/CoreServices/appleeventsd
  827     1   0.0 /usr/libexec/trustd
  828     1   0.0 /System/Library/PrivateFrameworks/ModelCatalogRuntime.framework/Versions/A/modelcatalogd
  829     1   0.0 /usr/sbin/distnoted
  830     1   0.0 /usr/libexec/containermanagerd
  832     1   0.0 /usr/libexec/powerdatad
  833     1   0.0 /usr/libexec/ospredictiond
  835     1   0.0 /usr/sbin/distnoted
  837     1   0.0 /System/Library/Frameworks/ApplicationServices.framework/Versions/A/Frameworks/HIServices.framework/Versions/A/XPCServices/com.apple.hiservices-xpcservice.xpc/Contents/MacOS/com.apple.hiservices-xpcservice
  838     1   0.0 /usr/libexec/symptomsd-diag
  839     1   0.0 /usr/libexec/rtcreportingd
  840     1   0.0 /System/Library/PrivateFrameworks/ContextKit.framework/Versions/A/XPCServices/ContextService.xpc/Contents/MacOS/ContextService
  841     1   0.0 /usr/sbin/distnoted
  843     1   0.0 /System/Library/CoreServices/osanalyticshelper
  845     1   0.0 /System/Library/PrivateFrameworks/MobileSoftwareUpdate.framework/Versions/A/XPCServices/com.apple.MobileSoftwareUpdate.CleanupPreparePathService.xpc/Contents/MacOS/com.apple.MobileSoftwareUpdate.CleanupPreparePathService
  847     1   0.0 /System/Library/PrivateFrameworks/GeoServices.framework/Versions/A/XPCServices/com.apple.geod.xpc/Contents/MacOS/com.apple.geod
  848     1   0.0 /usr/libexec/secinitd
  849     1   0.0 /usr/sbin/cfprefsd
  850     1   0.0 /usr/libexec/trustd
  851     1   0.0 /usr/libexec/containermanagerd
  852     1   0.0 /usr/libexec/searchpartyd
  853     1   0.0 /usr/sbin/distnoted
  860     1   0.0 /System/Library/PrivateFrameworks/CloudKitDaemon.framework/Support/cloudd
  866     1   0.0 /System/Library/PrivateFrameworks/CloudTelemetry.framework/Versions/A/XPCServices/CloudTelemetryService.xpc/Contents/MacOS/CloudTelemetryService
  868     1   0.0 /usr/libexec/cryptexd
  869     1   0.0 /usr/sbin/distnoted
  871     1   0.0 /usr/sbin/cron
  872     1   0.0 /usr/libexec/storagekitd
  873     1   0.0 /System/Library/PrivateFrameworks/SystemAdministration.framework/XPCServices/writeconfig.xpc/Contents/MacOS/writeconfig
  876     1   0.0 /usr/libexec/mobileactivationd
  878     1   0.0 /usr/libexec/bootinstalld
  879     1   0.0 /System/Library/CoreServices/Software Update.app/Contents/Resources/suhelperd
  881     1   0.0 Core Audio Driver (ParrotAudioPlugin.driver)
  882     1   0.0 Core Audio Driver (ZoomAudioDevice.driver)
  884     1   0.0 /usr/libexec/rosetta/oahd
  885     1   0.0 /System/Library/CoreServices/ReportCrash
  887     1   0.0 /System/Library/DriverExtensions/com.apple.DriverKit-IOUserDockChannelSerial.dext/com.apple.DriverKit-IOUserDockChannelSerial
  888     1   4.0 /System/Library/DriverExtensions/com.apple.DriverKit-AppleBCMWLAN.dext/com.apple.DriverKit-AppleBCMWLAN
  889     1   0.0 /System/Library/DriverExtensions/com.apple.AppleUserHIDDrivers.dext/com.apple.AppleUserHIDDrivers
  900     1   0.0 /System/Library/CoreServices/iconservicesagent
  911     1   0.0 /System/Library/Frameworks/ExtensionFoundation.framework/Versions/A/XPCServices/extensionkitservice.xpc/Contents/MacOS/extensionkitservice
  912     1   0.0 /System/Library/ExtensionKit/Extensions/com.apple.fskit.exfat.appex/Contents/MacOS/com.apple.fskit.exfat
  913     1   0.0 /usr/libexec/fskit_helper
  914     1   0.0 /System/Library/ExtensionKit/Extensions/com.apple.fskit.msdos.appex/Contents/MacOS/com.apple.fskit.msdos
  919     1   0.0 /System/Library/PrivateFrameworks/CoreSymbolication.framework/coresymbolicationd
  931     1   0.9 /usr/libexec/wifip2pd
  934     1   0.0 /usr/libexec/sysmond
  936     1   0.0 /usr/sbin/distnoted
  937     1   0.0 /System/Library/PrivateFrameworks/WiFiPolicy.framework/XPCServices/WiFiCloudAssetsXPCService.xpc/Contents/MacOS/WiFiCloudAssetsXPCService
  947   622   0.0 /usr/sbin/systemstats
  951     1   0.0 /usr/libexec/wifianalyticsd
  954     1   0.7 /System/Library/PrivateFrameworks/Ecosystem.framework/Support/ecosystemd
  959     1   0.0 /Library/PrivilegedHelperTools/com.netease.uumac.helper
  961     1   0.0 /Library/PrivilegedHelperTools/com.warpvpn.apps.WarpVPN.HelperTool
  962     1   0.1 /Applications/Cloudflare WARP.app/Contents/Resources/CloudflareWARP
  963     1   0.0 /Library/Application Support/Apogee/ApogeeGlue/ApogeeGlue.app/Contents/MacOS/ApogeeGlue
  967     1   0.0 /Library/PrivilegedHelperTools/com.warpvpn.desktop.Helper
  968     1   0.0 /Library/PrivilegedHelperTools/SSLVPNCD
  969     1   0.0 /Library/PrivilegedHelperTools/com.docker.vmnetd
  970     1   0.0 /Library/PrivilegedHelperTools/licenseDaemon.app/Contents/MacOS/licenseDaemon
  971     1   0.0 /usr/libexec/cameracaptured
  972     1   0.0 /System/Library/Frameworks/CoreMediaIO.framework/Versions/A/Resources/UVCAssistant.systemextension/Contents/MacOS/UVCAssistant
  973     1   0.0 /usr/libexec/containermanagerd
  977     1   0.0 /System/Library/CoreServices/sharedfilelistd
  987     1   0.0 /usr/sbin/systemsoundserverd
  996     1   0.0 /usr/libexec/gamepolicyd
  998     1   0.0 /System/Library/Frameworks/GSS.framework/Helpers/GSSCred
 1000     1   0.0 /System/Library/Frameworks/LocalAuthentication.framework/Support/coreauthd
 1002     1   0.0 /usr/libexec/applekeystored
 1003     1   0.0 /usr/libexec/tailspind
 1011     1   0.0 /usr/libexec/gamecontrollerd
 1012     1   0.0 /usr/libexec/seld
 1013     1   0.0 /usr/libexec/uarpd
 1028     1   0.0 /usr/libexec/captiveagent
 1032     1   0.0 /usr/sbin/distnoted
 1036     1   0.0 /usr/libexec/findmydeviced
 1038     1   0.0 /System/Library/PrivateFrameworks/AppSSO.framework/Support/AppSSODaemon
 1101     1   0.0 /usr/libexec/wallpaperexportd
 1108     1   0.0 /System/Library/PrivateFrameworks/CoreADI.framework/adid
 1116     1   0.0 /System/Library/Frameworks/CryptoTokenKit.framework/ctkd
 1126     1   0.0 /usr/libexec/nfcd
 1136     1   0.0 /usr/libexec/assetsubscriptiond
 1142     1   0.0 /System/Library/PrivateFrameworks/NearFieldPrivateServices.framework/Versions/A/XPCServices/NFStorageServer.xpc/Contents/MacOS/NFStorageServer
 1145     1   0.0 /usr/sbin/distnoted
 1152     1   0.0 /usr/sbin/filecoordinationd
 1154     1   0.0 /usr/libexec/countryd
 1155     1   0.0 /System/Library/PrivateFrameworks/UARPAssetManager.framework/XPCServices/UARPAssetManagerServiceMobileAsset.xpc/Contents/MacOS/UARPAssetManagerServiceMobileAsset
 1175     1   0.0 /System/Library/PrivateFrameworks/CacheDelete.framework/deleted_helper
 1193     1   0.0 /System/Library/PrivateFrameworks/PackageKit.framework/Resources/system_installd
 1194     1   0.0 /usr/libexec/AssetCache/AssetCache
 1195     1   0.0 /System/Library/PrivateFrameworks/AssetCacheServicesExtensions.framework/XPCServices/AssetCacheTetheratorService.xpc/Contents/MacOS/AssetCacheTetheratorService
 1196     1   0.0 /System/Library/PrivateFrameworks/PackageKit.framework/Resources/installd
 1209     1   0.0 /usr/sbin/distnoted
 1224     1   0.4 /usr/libexec/nearbyd
 1297     1   0.0 /System/Library/PrivateFrameworks/AssetCacheServices.framework/Versions/A/XPCServices/AssetCacheLocatorService.xpc/Contents/MacOS/AssetCacheLocatorService
 1301     1   0.0 /usr/sbin/distnoted
 1309     1   0.0 /System/Library/CoreServices/SubmitDiagInfo
 1322     1   0.0 /System/Library/CoreServices/CrashReporterSupportHelper
 1346     1   0.9 /usr/sbin/cfprefsd
 1351     1   0.0 /usr/libexec/lsd
 1355     1   0.0 /usr/libexec/trustd
 1373     1   0.0 /System/Library/PrivateFrameworks/WiFiPolicy.framework/XPCServices/WiFiCloudAssetsXPCService.xpc/Contents/MacOS/WiFiCloudAssetsXPCService
 1388     1   0.0 /System/Library/CoreServices/Installer Progress.app/Contents/MacOS/Installer Progress
 1390     1   0.0 /System/Library/CoreServices/loginwindow.app/Contents/MacOS/loginwindow
 1398     1  49.7 /System/Library/PrivateFrameworks/SkyLight.framework/Resources/WindowServer
 1414     1   0.0 /System/Library/Frameworks/CryptoTokenKit.framework/ctkahp.bundle/Contents/MacOS/ctkahp
 1419     1   0.0 /System/Library/Frameworks/Metal.framework/Versions/A/XPCServices/MTLCompilerService.xpc/Contents/MacOS/MTLCompilerService
 1427     1   0.0 /usr/libexec/secd
 1428     1   0.0 /System/Library/PrivateFrameworks/CoreKDL.framework/Support/corekdld
 1429     1   0.0 /usr/libexec/UserEventAgent
 1431     1   0.0 /System/Library/CoreServices/ControlCenter.app/Contents/MacOS/ControlCenter
 1432     1   0.0 /System/Library/PrivateFrameworks/CoreDuetContext.framework/Resources/ContextStoreAgent
 1433     1   0.0 /System/Library/CoreServices/CoreServicesUIAgent.app/Contents/MacOS/CoreServicesUIAgent
 1434     1   0.0 /usr/sbin/universalaccessd
 1436     1   0.0 /usr/libexec/pboard
 1438     1   0.0 /usr/libexec/containermanagerd
 1439     1   0.0 /System/Library/PrivateFrameworks/BackgroundTaskManagement.framework/Support/BackgroundTaskManagementAgent.app/Contents/MacOS/BackgroundTaskManagementAgent
 1440     1   0.0 /System/Library/Frameworks/InputMethodKit.framework/Resources/imklaunchagent
 1441     1   0.0 /System/Library/PrivateFrameworks/BiomeStreams.framework/Support/BiomeAgent
 1442     1   0.0 /usr/libexec/pkd
 1443     1   0.0 /System/Library/Frameworks/CoreServices.framework/Versions/A/Frameworks/Metadata.framework/Versions/A/Support/corespotlightd
 1444     1   0.0 /usr/libexec/linkd
 1445     1   0.0 /System/Library/PrivateFrameworks/AccessibilitySupport.framework/Versions/A/Resources/AccessibilityVisualsAgent.app/Contents/MacOS/AccessibilityVisualsAgent
 1446     1   0.0 /System/Library/Frameworks/CoreTelephony.framework/Support/CommCenter
 1447     1   0.0 /System/Library/CoreServices/APFSUserAgent
 1449     1   0.0 /usr/libexec/nsurlsessiond
 1450     1   0.0 /usr/sbin/usernoted
 1451     1   0.0 /usr/libexec/routined
 1452     1   0.5 /usr/libexec/rapportd
 1453     1   0.0 /System/Library/CoreServices/CoreLocationAgent.app/Contents/MacOS/CoreLocationAgent
 1454     1   0.0 /System/Library/PrivateFrameworks/TelephonyUtilities.framework/callservicesd
 1455     1   0.0 /usr/libexec/searchpartyuseragent
 1456     1   0.0 /System/Library/PrivateFrameworks/SyncedDefaults.framework/Support/syncdefaultsd
 1457     1   0.0 /System/Library/PrivateFrameworks/IDS.framework/identityservicesd.app/Contents/MacOS/identityservicesd
 1458     1   0.0 /System/Library/Frameworks/Accounts.framework/Versions/A/Support/accountsd
 1463     1   0.0 /System/Library/PrivateFrameworks/ScreenTimeCore.framework/Versions/A/ScreenTimeAgent
 1464     1   0.0 /System/Library/PrivateFrameworks/SystemMigrationNetwork.framework/Resources/migrationhelper
 1465     1   0.0 /usr/libexec/secinitd
 1467     1   0.0 /System/Library/PrivateFrameworks/PhotoLibraryServices.framework/Versions/A/Support/photolibraryd
 1468     1   0.0 /System/Library/PrivateFrameworks/UserNotificationsCore.framework/Support/usernotificationsd
 1469     1   0.0 /usr/libexec/networkserviceproxy
 1470     1   0.0 /usr/libexec/assessmentagent
 1471     1   0.0 /System/Library/PrivateFrameworks/CloudServices.framework/Helpers/com.apple.sbd
 1472     1   0.0 /System/Library/PrivateFrameworks/CoreAnalytics.framework/Support/analyticsagent
 1473     1   0.0 /System/Library/PrivateFrameworks/CloudSubscriptionFeatures.framework/FeatureAccessAgent
 1474     1   0.0 /System/Library/CoreServices/WiFiAgent.app/Contents/MacOS/WiFiAgent
 1475     1   0.0 /System/Library/PrivateFrameworks/TCC.framework/Support/tccd
 1476     1   0.0 /System/Library/PrivateFrameworks/FileProvider.framework/Support/fileproviderd
 1477     1   0.0 /System/Library/PrivateFrameworks/ContinuousDialogManagerService.framework/assistant_cdmd
 1478     1   0.0 /usr/libexec/duetexpertd
 1479     1   0.0 /usr/libexec/mobilerepaird
 1480     1   0.0 /System/Library/PrivateFrameworks/UsageTracking.framework/Versions/A/UsageTrackingAgent
 1481     1   0.0 /usr/libexec/triald
 1482     1   0.0 /System/Library/PrivateFrameworks/CloudKitDaemon.framework/Support/cloudd
 1483     1   0.0 /System/Library/PrivateFrameworks/DoNotDisturbServer.framework/Support/donotdisturbd
 1484     1   0.0 /usr/libexec/neagent
 1485     1   0.0 /System/Library/PrivateFrameworks/IMCore.framework/imagent.app/Contents/MacOS/imagent
 1487     1   0.0 /usr/libexec/findmylocateagent
 1488     1   0.0 /System/Cryptexes/App/usr/libexec/SafariBookmarksSyncAgent
 1489     1   0.6 /usr/libexec/sharingd
 1490     1   0.0 /System/Library/PrivateFrameworks/CacheDelete.framework/deleted
 1491     1   0.0 /System/Library/CoreServices/diagnostics_agent
 1493     1   0.0 /System/Library/PrivateFrameworks/IMDPersistence.framework/XPCServices/IMDPersistenceAgent.xpc/Contents/MacOS/IMDPersistenceAgent
 1494     1   0.0 /usr/libexec/transparencyd
 1495     1   0.0 /System/Library/PrivateFrameworks/SocialLayer.framework/sociallayerd.app/Contents/MacOS/sociallayerd
 1496     1   0.0 /System/Library/PrivateFrameworks/CoreSuggestions.framework/Versions/A/Support/suggestd
 1497     1   0.0 /usr/libexec/frauddefensed
 1498     1   0.0 /System/Library/Frameworks/ManagedSettings.framework/Versions/A/ManagedSettingsAgent
 1499     1   0.0 /usr/libexec/knowledge-agent
 1500     1   0.0 /System/Library/CoreServices/sharedfilelistd
 1501     1   0.0 /System/Library/PrivateFrameworks/CoreFollowUp.framework/Versions/A/Support/followupd
 1502     1   0.0 /usr/libexec/siriknowledged
 1503     1   0.0 /System/Library/CoreServices/ScopedBookmarkAgent
 1506     1   0.0 /usr/libexec/dmd
 1507     1   0.0 /System/Library/PrivateFrameworks/FamilyCircle.framework/Versions/A/Resources/familycircled
 1508     1   0.0 /System/Library/Frameworks/LocalAuthentication.framework/Support/coreauthd
 1509     1   0.0 /usr/libexec/appleaccountd
 1510     1   0.0 /System/Library/Frameworks/NetFS.framework/Versions/A/XPCServices/PlugInLibraryService.xpc/Contents/MacOS/PlugInLibraryService
 1511     1   0.0 /System/Library/PrivateFrameworks/ContextKit.framework/Versions/A/XPCServices/ContextService.xpc/Contents/MacOS/ContextService
 1512     1   0.0 /System/Library/PrivateFrameworks/AuthKit.framework/Versions/A/Support/akd
 1513     1   0.0 /System/Library/PrivateFrameworks/AppSSO.framework/Support/AppSSOAgent.app/Contents/MacOS/AppSSOAgent
 1514     1   0.0 /System/Library/PrivateFrameworks/JetCore.framework/Support/jetpackassetd
 1515     1   0.0 /System/Library/PrivateFrameworks/CloudTelemetry.framework/Versions/A/XPCServices/CloudTelemetryService.xpc/Contents/MacOS/CloudTelemetryService
 1517     1   0.0 /System/Library/PrivateFrameworks/ReplicatorCore.framework/Support/replicatord
 1518     1   0.0 /System/Library/PrivateFrameworks/GeoServices.framework/Versions/A/XPCServices/com.apple.geod.xpc/Contents/MacOS/com.apple.geod
 1519     1   0.0 /System/Library/CoreServices/talagentd
 1520     1   0.0 /System/Library/PrivateFrameworks/AssistantServices.framework/Versions/A/Support/assistantd
 1521     1   0.0 /System/Library/CoreServices/WindowManager.app/Contents/MacOS/WindowManager
 1522     1   0.0 /System/Library/Frameworks/ApplicationServices.framework/Versions/A/Frameworks/HIServices.framework/Versions/A/XPCServices/com.apple.hiservices-xpcservice.xpc/Contents/MacOS/com.apple.hiservices-xpcservice
 1523     1   0.0 /System/Library/PrivateFrameworks/CoreCDP.framework/Versions/A/Resources/cdpd
 1524     1   0.0 /System/Library/PrivateFrameworks/ChronoCore.framework/Support/chronod
 1525     1   0.0 /System/Library/PrivateFrameworks/StatusKit.framework/StatusKitAgent
 1526     1   0.0 /System/Library/Frameworks/Security.framework/Versions/A/XPCServices/TrustedPeersHelper.xpc/Contents/MacOS/TrustedPeersHelper
 1527     1   0.0 /System/Library/CoreServices/NotificationCenter.app/Contents/MacOS/NotificationCenter
 1528     1   0.0 /usr/libexec/swtransparencyd
 1529     1   0.0 /System/Library/PrivateFrameworks/CloudTelemetry.framework/Versions/A/XPCServices/CloudTelemetryService.xpc/Contents/MacOS/CloudTelemetryService
 1532     1   0.0 /System/Library/PrivateFrameworks/GeoAnalytics.framework/geoanalyticsd
 1533     1   0.0 /usr/libexec/ContinuityCaptureAgent
 1538     1   0.0 /System/Library/Frameworks/CoreServices.framework/Versions/A/Frameworks/CarbonCore.framework/Versions/A/XPCServices/csnameddatad.xpc/Contents/MacOS/csnameddatad
 1540     1   0.0 /System/Library/PrivateFrameworks/ViewBridge.framework/Versions/A/XPCServices/ViewBridgeAuxiliary.xpc/Contents/MacOS/ViewBridgeAuxiliary
 1542     1   0.0 /System/Library/CoreServices/iconservicesagent
 1543     1   0.0 /System/Library/PrivateFrameworks/StreamingZip.framework/Versions/A/XPCServices/com.apple.StreamingUnzipService.privileged.xpc/Contents/MacOS/com.apple.StreamingUnzipService.privileged
 1544     1   0.0 /System/Library/Frameworks/CoreServices.framework/Versions/A/Frameworks/DictionaryServices.framework/Versions/A/XPCServices/com.apple.DictionaryServiceHelper.xpc/Contents/MacOS/com.apple.DictionaryServiceHelper
 1545     1   0.0 /usr/libexec/keyboardservicesd
 1546     1   0.0 /System/Library/PrivateFrameworks/AppleMediaServices.framework/Resources/amsaccountsd
 1547     1   0.0 /System/Library/PrivateFrameworks/AppleDeviceQuerySupport.framework/Versions/A/XPCServices/AppleDeviceQueryService.xpc/Contents/MacOS/AppleDeviceQueryService
 1548     1   0.0 /usr/bin/open
 1549     1   0.0 /System/Library/Frameworks/CryptoTokenKit.framework/ctkd
 1550     1   0.0 /System/Library/PrivateFrameworks/TrialServer.framework/Versions/A/XPCServices/TrialArchivingService.xpc/Contents/MacOS/TrialArchivingService
 1552     1   0.0 /System/Library/Frameworks/NetFS.framework/Versions/A/XPCServices/PlugInLibraryService.xpc/Contents/MacOS/PlugInLibraryService
 1553     1   0.0 /System/Library/PrivateFrameworks/AXAssetLoader.framework/Support/axassetsd
 1554     1   0.0 /System/Library/CoreServices/pbs
 1555     1   0.0 /System/Library/Frameworks/CoreServices.framework/Versions/A/Frameworks/Metadata.framework/Versions/A/Support/mdbulkimport
 1556     1   0.0 /System/Library/PrivateFrameworks/StreamingExtractor.framework/Versions/A/XPCServices/STExtractionService.privileged.xpc/Contents/MacOS/STExtractionService.privileged
 1557     1   0.0 /System/Library/PrivateFrameworks/TextToSpeechVoiceBankingSupport.framework/Support/voicebankingd
 1558     1   0.0 /System/Library/Frameworks/AudioToolbox.framework/AudioComponentRegistrar
 1560     1   0.0 /System/Library/PrivateFrameworks/MediaAnalysis.framework/Versions/A/mediaanalysisd
 1561     1   0.0 /usr/libexec/GamePolicyAgent
 1562     1   0.0 /System/Library/Frameworks/AudioToolbox.framework/XPCServices/com.apple.audio.SandboxHelper.xpc/Contents/MacOS/com.apple.audio.SandboxHelper
 1563     1   0.0 /System/Library/Frameworks/NetFS.framework/Versions/A/XPCServices/PlugInLibraryService.xpc/Contents/MacOS/PlugInLibraryService
 1565     1   0.0 /System/Library/PrivateFrameworks/PhotoAnalysis.framework/Versions/A/Support/photoanalysisd
 1566     1   0.0 /System/Library/CoreServices/AccessibilityUIServer.app/Contents/MacOS/AccessibilityUIServer
 1567     1   0.0 /System/Library/Frameworks/ApplicationServices.framework/Frameworks/ATS.framework/Support/fontd
 1568     1   0.0 /System/Library/PrivateFrameworks/CalendarDaemon.framework/Support/calaccessd
 1569     1   0.0 /System/Library/Frameworks/ApplicationServices.framework/Versions/A/Frameworks/ATS.framework/Versions/A/Support/fontworker
 1570     1   0.0 /System/Library/PrivateFrameworks/HomeKitDaemon.framework/Support/homed
 1571     1   0.0 /usr/libexec/gamecontrolleragentd
 1575     1   0.0 /System/Library/PrivateFrameworks/SiriTTSService.framework/sirittsd
 1576     1   0.0 /System/Library/PrivateFrameworks/GenerativeExperiencesRuntime.framework/Versions/A/generativeexperiencesd
 1577     1   0.0 /System/Library/PrivateFrameworks/CoreParsec.framework/parsecd
 1578     1   0.0 /System/Library/PrivateFrameworks/VoiceShortcuts.framework/Versions/A/Support/siriactionsd
 1579     1   0.0 /System/Library/PrivateFrameworks/iCloudDriveCore.framework/Versions/A/Support/bird
 1580     1   0.0 /System/Library/CoreServices/appplaceholdersyncd
 1581     1   0.0 /System/Library/PrivateFrameworks/iTunesCloud.framework/Support/itunescloudd
 1582     1   0.0 /System/Library/CoreServices/UIKitSystem.app/Contents/MacOS/UIKitSystem
 1583     1   0.0 /System/Library/CoreServices/audioaccessoryd
 1585     1   0.0 /System/Library/PrivateFrameworks/iCloudNotification.framework/iCloudNotificationAgent
 1586     1   0.0 /System/Library/PrivateFrameworks/TelephonyUtilities.framework/XPCServices/com.apple.FaceTime.FTConversationService.xpc/Contents/MacOS/com.apple.FaceTime.FTConversationService
 1587     1   0.0 /System/Library/Frameworks/FinanceKit.framework/financed
 1590     1   0.0 /System/Library/CoreServices/ReportCrash
 1591     1   0.0 /System/Library/CoreServices/diagnosticservicesd
 1592     1   0.0 /System/Library/Frameworks/Speech.framework/Versions/A/XPCServices/localspeechrecognition.xpc/Contents/MacOS/localspeechrecognition
 1593     1   0.0 /System/Library/PrivateFrameworks/CommunicationTrust.framework/Support/communicationtrustd
 1594     1   0.0 /System/Library/PrivateFrameworks/AssetCacheServices.framework/Versions/A/XPCServices/AssetCacheLocatorService.xpc/Contents/MacOS/AssetCacheLocatorService
 1596     1   0.0 /System/Library/PrivateFrameworks/UserActivity.framework/Agents/useractivityd
 1597     1   0.0 /System/Library/PrivateFrameworks/MediaRemote.framework/Support/mediaremoteagent
 1598     1   0.0 /usr/libexec/avconferenced
 1599     1   0.0 cloudphotod
 1600     1   0.0 /System/Library/PrivateFrameworks/CommunicationsFilter.framework/CMFSyncAgent
 1601     1   0.0 /System/Library/Frameworks/AudioToolbox.framework/XPCServices/AudioConverterService.xpc/Contents/MacOS/AudioConverterService
 1602     1   0.0 /System/Library/Frameworks/AudioToolbox.framework/XPCServices/AudioConverterHardenedService.xpc/Contents/MacOS/AudioConverterHardenedService
 1603     1   0.0 /System/Library/Frameworks/AudioToolbox.framework/XPCServices/com.apple.audio.SandboxHelper.xpc/Contents/MacOS/com.apple.audio.SandboxHelper
 1604     1   0.0 /System/Library/Frameworks/AudioToolbox.framework/XPCServices/com.apple.audio.SandboxHelper.xpc/Contents/MacOS/com.apple.audio.SandboxHelper
 1605     1   0.0 /System/Library/Frameworks/AudioToolbox.framework/XPCServices/com.apple.audio.SandboxHelper.xpc/Contents/MacOS/com.apple.audio.SandboxHelper
 1606     1   0.0 /System/Library/PrivateFrameworks/iCloudDriveService.framework/XPCServices/ContainerMetadataExtractor.xpc/Contents/MacOS/ContainerMetadataExtractor
 1607     1   0.0 /System/Library/Frameworks/ExtensionFoundation.framework/Versions/A/XPCServices/extensionkitservice.xpc/Contents/MacOS/extensionkitservice
 1608     1   0.0 /System/Library/PrivateFrameworks/CloudDocs.framework/PlugIns/com.apple.CloudDocs.iCloudDriveFileProvider.appex/Contents/MacOS/com.apple.CloudDocs.iCloudDriveFileProvider
 1610     1   0.0 /System/Library/Frameworks/NetFS.framework/Versions/A/XPCServices/PlugInLibraryService.xpc/Contents/MacOS/PlugInLibraryService
 1611     1   0.0 /System/Library/Frameworks/AudioToolbox.framework/XPCServices/com.apple.audio.SandboxHelper.xpc/Contents/MacOS/com.apple.audio.SandboxHelper
 1612     1   0.0 /System/Library/Frameworks/AudioToolbox.framework/XPCServices/com.apple.audio.SandboxHelper.xpc/Contents/MacOS/com.apple.audio.SandboxHelper
 1613     1   0.0 /System/Library/PrivateFrameworks/WiFiPolicy.framework/XPCServices/WiFiCloudAssetsXPCService.xpc/Contents/MacOS/WiFiCloudAssetsXPCService
 1617     1   0.0 /System/Library/PrivateFrameworks/NewDeviceOutreach.framework/ndoagent
 1618     1   0.0 /System/Library/PrivateFrameworks/CoreFP.framework/Versions/A/fairplayd
 1619     1   0.0 /System/Library/PrivateFrameworks/MobileInstallation.framework/Support/appinstalld
 1620     1   0.0 /System/Library/PrivateFrameworks/MobileInstallation.framework/XPCServices/com.apple.MobileInstallationHelperService.xpc/Contents/MacOS/com.apple.MobileInstallationHelperService
 1621     1   0.0 /usr/sbin/distnoted
 1622     1   0.0 /System/Library/PrivateFrameworks/SiriInference.framework/Versions/A/siriinferenced
 1623     1   0.0 /System/Library/PrivateFrameworks/EmailDaemon.framework/Versions/A/maild
 1624     1   0.0 /System/Library/PrivateFrameworks/ModelCatalogRuntime.framework/Versions/A/ModelCatalogAgent
 1627     1   0.0 /System/Library/PrivateFrameworks/HomeKitEvents.framework/Support/homeeventsd
 1628     1   0.0 /System/Library/PrivateFrameworks/IntlPreferences.framework/Support/localizationswitcherd
 1629     1   0.0 /System/Library/Input Methods/PressAndHold.app/Contents/PlugIns/PAH_Extension.appex/Contents/MacOS/PAH_Extension
 1630     1   0.0 /usr/libexec/MTLAssetUpgraderD
 1631     1   0.0 /System/Library/PrivateFrameworks/MacinTalk.framework/PlugIns/WardaSynthesizer.appex/Contents/MacOS/WardaSynthesizer
 1632     1   0.0 /usr/libexec/swcd
 1633     1   0.0 /System/Library/Frameworks/MediaExtension.framework/Versions/A/Helpers/MENotificationAgent
 1634     1   0.0 /System/Library/PrivateFrameworks/SessionCore.framework/Support/liveactivitiesd
 1635     1   0.0 /System/Library/PrivateFrameworks/MacinTalk.framework/PlugIns/MacinTalkAUSP.appex/Contents/MacOS/MacinTalkAUSP
 1636     1   0.0 /System/Library/Frameworks/Metal.framework/Versions/A/XPCServices/MTLCompilerService.xpc/Contents/MacOS/MTLCompilerService
 1637     1   0.0 /System/Library/Frameworks/Metal.framework/Versions/A/XPCServices/MTLCompilerService.xpc/Contents/MacOS/MTLCompilerService
 1638     1   0.0 /usr/libexec/intelligentroutingd
 1639     1   0.0 /System/iOSSupport/System/Library/ExtensionKit/Extensions/MauiAUSP.appex/Contents/MacOS/MauiAUSP
 1640     1   0.0 /System/iOSSupport/System/Library/ExtensionKit/Extensions/SiriAUSP.appex/Contents/MacOS/SiriAUSP
 1641     1   0.0 /System/Library/PrivateFrameworks/MobileTimer.framework/Executables/mobiletimerd
 1642     1   0.0 /System/iOSSupport/System/Library/ExtensionKit/Extensions/KonaSynthesizer.appex/Contents/MacOS/KonaSynthesizer
 1643     1   0.0 /usr/libexec/replayd
 1644     1   0.0 /System/Library/PrivateFrameworks/login.framework/Versions/A/XPCServices/LoginUserService.xpc/Contents/MacOS/LoginUserService
 1645     1   0.0 /System/Applications/System Settings.app/Contents/PlugIns/csimporter.appex/Contents/MacOS/csimporter
 1646     1   0.0 /System/Library/Frameworks/NetFS.framework/Versions/A/XPCServices/PlugInLibraryService.xpc/Contents/MacOS/PlugInLibraryService
 1648     1   0.0 /System/Library/Frameworks/ExtensionFoundation.framework/Versions/A/XPCServices/extensionkitservice.xpc/Contents/MacOS/extensionkitservice
 1649     1   0.0 /System/Library/Frameworks/AudioToolbox.framework/XPCServices/com.apple.audio.SandboxHelper.xpc/Contents/MacOS/com.apple.audio.SandboxHelper
 1651     1   0.0 /System/Applications/Photos.app/Contents/PlugIns/PhotosReliveWidget.appex/Contents/MacOS/PhotosReliveWidget
 1652     1   0.0 /System/Library/Frameworks/AudioToolbox.framework/XPCServices/com.apple.audio.SandboxHelper.xpc/Contents/MacOS/com.apple.audio.SandboxHelper
 1654     1   0.2 /usr/libexec/milod
 1655     1   0.0 /System/Applications/Calendar.app/Contents/PlugIns/CalendarWidgetExtension.appex/Contents/MacOS/CalendarWidgetExtension
 1656     1   0.0 /System/Library/Frameworks/Metal.framework/Versions/A/XPCServices/MTLCompilerService.xpc/Contents/MacOS/MTLCompilerService
 1657     1   0.0 /System/Library/Frameworks/Metal.framework/Versions/A/XPCServices/MTLCompilerService.xpc/Contents/MacOS/MTLCompilerService
 1658     1   0.0 /System/Library/Frameworks/AudioToolbox.framework/XPCServices/AUCrashHandlerService.xpc/Contents/MacOS/AUCrashHandlerService
 1661     1   0.0 /System/Library/Frameworks/AudioToolbox.framework/XPCServices/com.apple.audio.SandboxHelper.xpc/Contents/MacOS/com.apple.audio.SandboxHelper
 1663     1   0.0 /System/Library/Frameworks/Metal.framework/Versions/A/XPCServices/MTLCompilerService.xpc/Contents/MacOS/MTLCompilerService
 1664     1   0.0 /System/Library/Frameworks/AudioToolbox.framework/XPCServices/com.apple.audio.SandboxHelper.xpc/Contents/MacOS/com.apple.audio.SandboxHelper
 1665     1   0.0 /System/Library/Frameworks/AudioToolbox.framework/XPCServices/com.apple.audio.SandboxHelper.xpc/Contents/MacOS/com.apple.audio.SandboxHelper
 1667     1   1.8 /Library/Application Support/Apogee/ApogeeMessenger/ApogeeMessenger.bundle/Contents/ApogeeMessenger.app/Contents/MacOS/ApogeeMessenger
 1669     1   0.0 /System/Library/Frameworks/ClassKit.framework/Versions/A/progressd
 1671     1   0.0 /System/Library/PrivateFrameworks/ProtectedCloudStorage.framework/Helpers/ProtectedCloudKeySyncing
 1672     1   0.0 /System/Library/CoreServices/Keychain Circle Notification.app/Contents/MacOS/Keychain Circle Notification
 1678     1   0.0 /System/Library/PrivateFrameworks/CascadeSets.framework/Versions/A/XPCServices/SetStoreUpdateService.xpc/Contents/MacOS/SetStoreUpdateService
 1679     1   0.0 /System/Library/PrivateFrameworks/GeoServices.framework/geodMachServiceBridge
 1681     1   0.0 /System/Library/Frameworks/QuickLookThumbnailing.framework/Support/com.apple.quicklook.ThumbnailsAgent
 1686     1   0.0 /System/Library/PrivateFrameworks/AppleMediaServicesUI.framework/amsengagementd
 1687     1   0.0 /System/Library/PrivateFrameworks/IntelligenceFlowContextRuntime.framework/Versions/A/intelligencecontextd
 1690     1   0.0 /System/Library/PrivateFrameworks/PassKitCore.framework/passd
 1693     1   0.0 /System/Library/PrivateFrameworks/OnDeviceStorage.framework/Support/amsondevicestoraged
 1694     1   0.0 /System/Library/PrivateFrameworks/SoftwareUpdate.framework/Resources/SoftwareUpdateNotificationManager.app/Contents/MacOS/SoftwareUpdateNotificationManager
 1695     1   0.0 /System/Library/PrivateFrameworks/LockdownMode.framework/Versions/A/XPCServices/lockdownmoded
 1696     1   0.0 /System/Library/CoreServices/WallpaperAgent.app/Contents/MacOS/WallpaperAgent
 1697     1   0.0 /System/Library/PrivateFrameworks/CloudPhotoServices.framework/Versions/A/XPCServices/com.apple.CloudPhotosConfiguration.xpc/Contents/MacOS/com.apple.CloudPhotosConfiguration
 1699     1   0.0 /System/Library/Frameworks/ExtensionFoundation.framework/Versions/A/XPCServices/extensionkitservice.xpc/Contents/MacOS/extensionkitservice
 1700     1   0.0 /System/Library/ExtensionKit/Extensions/WallpaperAerialsExtension.appex/Contents/MacOS/WallpaperAerialsExtension
 1702     1   0.0 /System/Library/Frameworks/NetFS.framework/Versions/A/XPCServices/PlugInLibraryService.xpc/Contents/MacOS/PlugInLibraryService
 1704     1   0.0 /System/Library/PrivateFrameworks/CoreRecents.framework/Versions/A/Support/recentsd
 1709     1   0.0 /System/Library/Frameworks/VideoToolbox.framework/Versions/A/XPCServices/VTDecoderXPCService.xpc/Contents/MacOS/VTDecoderXPCService
 1710     1   0.0 /System/Library/Frameworks/Metal.framework/Versions/A/XPCServices/MTLCompilerService.xpc/Contents/MacOS/MTLCompilerService
 1711     1   0.0 /System/Library/CoreServices/TextInputSwitcher.app/Contents/MacOS/TextInputSwitcher
 1712     1   0.0 /System/Library/Frameworks/Contacts.framework/Support/postersyncd
 1714     1   0.0 /Library/Application Support/Apogee/Frameworks/Sentry/crashpad_handler
 1716     1   0.0 /usr/sbin/spindump
 1718     1   0.0 /usr/libexec/seserviced
 1723     1   0.0 /System/Library/Frameworks/CoreServices.framework/Versions/A/Frameworks/Metadata.framework/Versions/A/Support/mdworker
 1730     1   0.0 /System/Library/PrivateFrameworks/TextInputUIMacHelper.framework/Versions/A/XPCServices/CursorUIViewService.xpc/Contents/MacOS/CursorUIViewService
 1736     1   0.0 /System/Library/PrivateFrameworks/CascadeSets.framework/Versions/A/XPCServices/SetStoreUpdateService.xpc/Contents/MacOS/SetStoreUpdateService
 1737     1   0.0 /System/Library/PrivateFrameworks/AppStoreDaemon.framework/Support/appstoreagent
 1739     1   0.0 /System/Library/PrivateFrameworks/InstallCoordination.framework/Support/installcoordinationd
 1740     1   0.0 /usr/sbin/distnoted
 1741     1   0.0 /usr/libexec/promotedcontentd
 1742     1   0.0 /System/Library/PrivateFrameworks/AppStoreDaemon.framework/Versions/A/XPCServices/com.apple.AppStoreDaemon.StorePrivilegedODRService.xpc/Contents/MacOS/com.apple.AppStoreDaemon.StorePrivilegedODRService
 1743     1   0.0 /usr/libexec/fairplaydeviceidentityd
 1765     1   0.0 /System/Library/PrivateFrameworks/CoreSpeech.framework/corespeechd
 1766     1   0.0 /System/Library/PrivateFrameworks/IntelligencePlatformCore.framework/Versions/A/intelligenceplatformd
 1768     1   0.0 /System/Library/Frameworks/Speech.framework/Versions/A/XPCServices/localspeechrecognition.xpc/Contents/MacOS/localspeechrecognition
 1775     1   0.0 /System/Library/PrivateFrameworks/SafariSafeBrowsing.framework/com.apple.Safari.SafeBrowsing.Service
 1776     1   0.0 /usr/libexec/feedbackd
 1778     1   0.0 /System/Library/PrivateFrameworks/CoreEmbeddedSpeechRecognition.framework/Versions/A/XPCServices/com.apple.siri.embeddedspeech.xpc/Contents/MacOS/com.apple.siri.embeddedspeech
 1785     1   0.0 /System/Library/PrivateFrameworks/SiriSuggestionsSupport.framework/Versions/A/XPCServices/SiriSuggestionsBookkeepingService.xpc/Contents/MacOS/SiriSuggestionsBookkeepingService
 1787     1   0.0 /System/Library/Frameworks/ExtensionFoundation.framework/Versions/A/XPCServices/extensionkitservice.xpc/Contents/MacOS/extensionkitservice
 1788     1   0.0 /System/Applications/Calendar.app/Contents/Extensions/CalendarIntentsExtension.appex/Contents/MacOS/CalendarIntentsExtension
 1791     1   0.0 /usr/libexec/diagnosticextensionsd
 1792     1   0.0 /System/Volumes/Preboot/Cryptexes/App/System/Applications/Safari.app/Contents/Extensions/SafariLinkExtension.appex/Contents/MacOS/SafariLinkExtension
 1794     1   0.0 /System/Applications/Messages.app/Contents/Extensions/MessagesActionExtension.appex/Contents/MacOS/MessagesActionExtension
 1799     1   0.0 /System/Library/PrivateFrameworks/AppPredictionFoundation.framework/Versions/A/XPCServices/AppPredictionIntentsHelperService.xpc/Contents/MacOS/AppPredictionIntentsHelperService
 1815     1   0.0 /System/Library/PrivateFrameworks/WorkflowKit.framework/XPCServices/ShortcutsViewService.xpc/Contents/MacOS/ShortcutsViewService
 1822     1   0.0 /System/Library/PrivateFrameworks/DataAccess.framework/Support/dataaccessd
 1843     1   0.0 /usr/libexec/trustd
 1848     1   0.0 /usr/libexec/secd
 1849     1   0.0 /usr/libexec/containermanagerd
 1850     1   0.0 /System/Library/Frameworks/CoreServices.framework/Versions/A/Frameworks/Metadata.framework/Versions/A/Support/mdworker
 1892     1   0.0 /System/Library/ExtensionKit/Extensions/WallpaperGradientExtension.appex/Contents/MacOS/WallpaperGradientExtension
 1893     1   0.0 /System/Library/ExtensionKit/Extensions/WallpaperLegacyExtension.appex/Contents/MacOS/WallpaperLegacyExtension
 1894     1   0.0 /System/Library/ExtensionKit/Extensions/WallpaperDynamicExtension.appex/Contents/MacOS/WallpaperDynamicExtension
 1895     1   0.0 /System/Library/ExtensionKit/Extensions/WallpaperSonomaExtension.appex/Contents/MacOS/WallpaperSonomaExtension
 1896     1   0.0 /System/Library/ExtensionKit/Extensions/WallpaperMacintoshExtension.appex/Contents/MacOS/WallpaperMacintoshExtension
 1897     1   0.0 /System/Library/ExtensionKit/Extensions/WallpaperImageExtension.appex/Contents/MacOS/WallpaperImageExtension
 1898     1   0.0 /System/Library/ExtensionKit/Extensions/WallpaperSequoiaExtension.appex/Contents/MacOS/WallpaperSequoiaExtension
 1899     1   0.0 /System/Library/ExtensionKit/Extensions/NeptuneOneWallpaper.appex/Contents/MacOS/NeptuneOneWallpaper
 1900     1   0.0 /System/Library/Frameworks/OpenGL.framework/Versions/A/Libraries/CVMServer
 1903     1   0.0 /usr/libexec/filevaultd
 1904     1   0.0 /System/Library/PrivateFrameworks/RemoteManagement.framework/remotemanagementd
 1905     1   0.0 /usr/libexec/backgroundassets.user
 1907     1   0.0 /System/Cryptexes/App/usr/libexec/AuthenticationServicesAgent
 1908     1   0.0 /System/Library/PrivateFrameworks/RemoteManagement.framework/XPCServices/SecuritySubscriber.xpc/Contents/MacOS/SecuritySubscriber
 1909     1   0.0 /usr/sbin/distnoted
 1910     1   0.0 /usr/libexec/keychainsharingmessagingd
 1911     1   0.0 /System/Library/PrivateFrameworks/RemoteManagement.framework/XPCServices/InteractiveLegacyProfilesSubscriber.xpc/Contents/MacOS/InteractiveLegacyProfilesSubscriber
 1912     1   0.0 /System/Library/PrivateFrameworks/RemoteManagement.framework/XPCServices/ScreenSharingSubscriber.xpc/Contents/MacOS/ScreenSharingSubscriber
 1915     1   0.0 /System/Library/PrivateFrameworks/RemoteManagement.framework/XPCServices/LegacyProfilesSubscriber.xpc/Contents/MacOS/LegacyProfilesSubscriber
 1916     1   0.0 /System/Library/PrivateFrameworks/RemoteManagement.framework/XPCServices/PasscodeSettingsSubscriber.xpc/Contents/MacOS/PasscodeSettingsSubscriber
 1917     1   0.0 /System/Library/PrivateFrameworks/RemoteManagement.framework/XPCServices/DiskManagementSubscriber.xpc/Contents/MacOS/DiskManagementSubscriber
 1918     1   0.0 /System/Library/PrivateFrameworks/RemoteManagement.framework/XPCServices/ManagedPreferencesSubscriber.xpc/Contents/MacOS/ManagedPreferencesSubscriber
 1919     1   0.0 /System/Library/PrivateFrameworks/RemoteManagement.framework/XPCServices/SoftwareUpdateSubscriber.xpc/Contents/MacOS/SoftwareUpdateSubscriber
 1920     1   0.0 /System/Library/PrivateFrameworks/RemoteManagement.framework/XPCServices/MigrationSubscriber.xpc/Contents/MacOS/MigrationSubscriber
 1921     1   0.0 /System/Library/PrivateFrameworks/SystemMigration.framework/Resources/systemmigrationd
 1923     1   0.0 /System/Library/PrivateFrameworks/RemoteManagement.framework/XPCServices/ManagedAppsSubscriber.xpc/Contents/MacOS/ManagedAppsSubscriber
 1924     1   0.0 /System/Library/Frameworks/ManagedAppDistribution.framework/Support/managedappdistributiond
 1925     1   0.0 /System/Library/PrivateFrameworks/RemoteManagement.framework/XPCServices/ManagementTestSubscriber.xpc/Contents/MacOS/ManagementTestSubscriber
 1926     1   0.0 /System/Library/PrivateFrameworks/RemoteManagement.framework/XPCServices/ManagedConfigurationFilesSubscriber.xpc/Contents/MacOS/ManagedConfigurationFilesSubscriber
 1953     1   0.0 /System/Library/PrivateFrameworks/CommerceKit.framework/Versions/A/Resources/commerce
 1973     1   0.0 /System/Library/Frameworks/Metal.framework/Versions/A/XPCServices/MTLCompilerService.xpc/Contents/MacOS/MTLCompilerService
 1974     1   0.0 /System/Library/CoreServices/Dock.app/Contents/MacOS/Dock
 1975     1   0.0 /System/Library/CoreServices/SystemUIServer.app/Contents/MacOS/SystemUIServer
 1976     1   0.5 /System/Library/CoreServices/Finder.app/Contents/MacOS/Finder
 1979     1   0.0 /System/Library/Frameworks/QuickLookUI.framework/Versions/A/XPCServices/QuickLookUIService.xpc/Contents/MacOS/QuickLookUIService
 1980     1   0.0 /System/Library/CoreServices/Spotlight.app/Contents/MacOS/Spotlight
 1981     1   0.0 automountd
 1982     1   0.0 /System/Library/PrivateFrameworks/AMPDevices.framework/Versions/A/Support/AMPDeviceDiscoveryAgent
 1986     1   0.0 /System/Library/Frameworks/NetFS.framework/Versions/A/XPCServices/PlugInLibraryService.xpc/Contents/MacOS/PlugInLibraryService
 1987     1   0.0 /Library/Apple/System/Library/PrivateFrameworks/DeviceInterface.framework/Support/deviceinterfaced
 1988     1   0.0 /usr/libexec/kernelmanager_helper
 1989     1   0.0 /usr/libexec/inputanalyticsd
 1990     1   0.0 /System/Library/PrivateFrameworks/HearingCore.framework/heard
 2001     1   0.0 /Users/wangweiyang/.nvm/versions/node/v22.14.0/bin/node
 2002     1   0.0 /System/Library/Image Capture/Support/icdd
 2008     1   0.0 /System/Library/PrivateFrameworks/AskPermission.framework/Versions/A/Resources/askpermissiond
 2012     1   0.0 /Users/wangweiyang/Library/Application Support/ShadowsocksX-NG/privoxy
 2013     1   0.0 /System/Library/CoreServices/AirPlayUIAgent.app/Contents/MacOS/AirPlayUIAgent
 2014     1   0.0 npm run dev --hostname 127.0.0.1 --port 4000
 2015     1   0.3 /Applications/BaiduNetdisk_mac.app/Contents/Frameworks/netdisk_service
 2016     1   0.0 /System/Library/CoreServices/TextInputMenuAgent.app/Contents/MacOS/TextInputMenuAgent
 2017     1   0.0 /Users/wangweiyang/Library/Application Support/ShadowsocksX-NG/ss-local
 2019     1   0.0 /System/Library/Frameworks/CryptoTokenKit.framework/ctkahp.bundle/Contents/MacOS/ctkahp
 2020     1   0.0 /System/Library/PrivateFrameworks/FindMyMac.framework/Resources/FindMyMacd
 2023     1   0.0 /usr/libexec/taskgated
 2024     1   0.0 /System/Library/CoreServices/Dock.app/Contents/XPCServices/com.apple.dock.extra.xpc/Contents/MacOS/com.apple.dock.extra
 2025     1   0.0 /System/Library/CoreServices/Dock.app/Contents/XPCServices/com.apple.dock.external.extra.arm64.xpc/Contents/MacOS/com.apple.dock.external.extra.arm64
 2026     1   0.0 /System/Library/Frameworks/CoreGraphics.framework/Versions/A/XPCServices/CGPDFService.xpc/Contents/MacOS/CGPDFService
 2028     1   0.0 /System/Library/Frameworks/NetFS.framework/Versions/A/XPCServices/PlugInLibraryService.xpc/Contents/MacOS/PlugInLibraryService
 2029     1   0.0 /System/Library/Frameworks/QuickLook.framework/Versions/A/XPCServices/QuickLookSatellite.xpc/Contents/MacOS/QuickLookSatellite
 2031     1   0.0 /System/Library/Frameworks/Metal.framework/Versions/A/XPCServices/MTLCompilerService.xpc/Contents/MacOS/MTLCompilerService
 2032     1   0.0 /System/Library/Frameworks/Metal.framework/Versions/A/XPCServices/MTLCompilerService.xpc/Contents/MacOS/MTLCompilerService
 2038     1   0.0 /System/Library/Frameworks/ExtensionFoundation.framework/Versions/A/XPCServices/extensionkitservice.xpc/Contents/MacOS/extensionkitservice
 2039     1   0.0 /System/Library/ExtensionKit/Extensions/AudiovisualThumbnailExtension.appex/Contents/MacOS/AudiovisualThumbnailExtension
 2041     1   0.0 /System/Library/Frameworks/AudioToolbox.framework/XPCServices/com.apple.audio.SandboxHelper.xpc/Contents/MacOS/com.apple.audio.SandboxHelper
 2046     1   0.0 /System/Library/Frameworks/Metal.framework/Versions/A/XPCServices/MTLCompilerService.xpc/Contents/MacOS/MTLCompilerService
 2047     1   0.0 /System/Library/Frameworks/Metal.framework/Versions/A/XPCServices/MTLCompilerService.xpc/Contents/MacOS/MTLCompilerService
 2055     1   0.0 /System/Library/PrivateFrameworks/StocksKit.framework/XPCServices/StocksKitService.xpc/Contents/MacOS/StocksKitService
 2060     1   0.0 /System/Library/PrivateFrameworks/Ecosystem.framework/Support/ecosystemagent
 2061     1   0.0 /usr/libexec/betaenrollmentagent
 2062     1   0.0 /usr/libexec/betaenrollmentd
 2075  2014   0.0 node
 2077     1   0.0 /System/Library/ExtensionKit/Extensions/ImageThumbnailExtension.appex/Contents/MacOS/ImageThumbnailExtension
 2078     1   0.0 /System/Library/ExtensionKit/Extensions/TextThumbnailExtension.appex/Contents/MacOS/TextThumbnailExtension
 2079     1   0.0 /System/Library/ExtensionKit/Extensions/OfficeThumbnailExtension.appex/Contents/MacOS/OfficeThumbnailExtension
 2080     1   0.0 /System/Library/ExtensionKit/Extensions/WebThumbnailExtension.appex/Contents/MacOS/WebThumbnailExtension
 2081     1   0.0 /System/Library/Frameworks/WebKit.framework/Versions/A/XPCServices/com.apple.WebKit.GPU.xpc/Contents/MacOS/com.apple.WebKit.GPU
 2084     1   0.0 /System/Library/Frameworks/AudioToolbox.framework/XPCServices/com.apple.audio.SandboxHelper.xpc/Contents/MacOS/com.apple.audio.SandboxHelper
 2087     1   0.0 /System/Library/Frameworks/AudioToolbox.framework/XPCServices/com.apple.audio.SandboxHelper.xpc/Contents/MacOS/com.apple.audio.SandboxHelper
 2088     1   0.0 /System/Library/Frameworks/Metal.framework/Versions/A/XPCServices/MTLCompilerService.xpc/Contents/MacOS/MTLCompilerService
 2089     1   0.0 /System/Library/Frameworks/Metal.framework/Versions/A/XPCServices/MTLCompilerService.xpc/Contents/MacOS/MTLCompilerService
 2091     1   0.0 /System/Library/Frameworks/ApplicationServices.framework/Versions/A/Frameworks/SpeechSynthesis.framework/Versions/A/XPCServices/SpeechSynthesisServerXPC.xpc/Contents/MacOS/SpeechSynthesisServerXPC
 2100     1   0.0 /System/Library/Frameworks/NetFS.framework/Versions/A/XPCServices/PlugInLibraryService.xpc/Contents/MacOS/PlugInLibraryService
 2101     1   0.0 /System/Library/Frameworks/Metal.framework/Versions/A/XPCServices/MTLCompilerService.xpc/Contents/MacOS/MTLCompilerService
 2102     1   0.0 /System/Library/Frameworks/Metal.framework/Versions/A/XPCServices/MTLCompilerService.xpc/Contents/MacOS/MTLCompilerService
 2105  2075   0.0 next-server (v16.2.3)
 2114     1   0.0 /System/Library/Frameworks/LocalAuthentication.framework/Support/coreautha.bundle/Contents/MacOS/coreautha
 2126     1   0.0 /System/Library/Frameworks/AudioToolbox.framework/XPCServices/com.apple.audio.SandboxHelper.xpc/Contents/MacOS/com.apple.audio.SandboxHelper
 2130     1   0.0 /System/Library/PrivateFrameworks/WeatherDaemon.framework/weatherd
 2131     1   0.0 /usr/libexec/adprivacyd
 2142     1   0.0 /System/Library/CoreServices/Dock.app/Contents/XPCServices/DockHelper.xpc/Contents/MacOS/DockHelper
 2144     1   0.0 /System/Library/Frameworks/Metal.framework/Versions/A/XPCServices/MTLCompilerService.xpc/Contents/MacOS/MTLCompilerService
 2145     1   0.0 /System/Library/Frameworks/Metal.framework/Versions/A/XPCServices/MTLCompilerService.xpc/Contents/MacOS/MTLCompilerService
 2163     1   0.0 /usr/libexec/tipsd
 2205     1   0.0 /System/Library/Frameworks/Translation.framework/translationd
 2227     1   0.0 /System/Library/CoreServices/UniversalControl.app/Contents/MacOS/UniversalControl
 2251     1   0.0 /System/Library/Frameworks/Contacts.framework/Support/contactsd
 2271     1   0.4 /Applications/Google Chrome.app/Contents/MacOS/Google Chrome
 2281     1   0.0 /System/Library/PrivateFrameworks/AppleNeuralEngine.framework/XPCServices/ANECompilerService.xpc/Contents/MacOS/ANECompilerService
 2282     1   0.0 /System/Library/PrivateFrameworks/CoreThreadCommissionerService.framework/CoreThreadCommissionerServiced
 2283     1   0.0 /System/Library/PrivateFrameworks/CascadeSets.framework/Versions/A/XPCServices/SetStoreUpdateService.xpc/Contents/MacOS/SetStoreUpdateService
 2284     1   0.0 /System/Library/PrivateFrameworks/MobileAccessoryUpdater.framework/Support/accessoryupdaterd
 2288     1   0.0 /usr/libexec/wifivelocityd
 2289     1   0.0 /usr/libexec/bluetoothuserd
 2301     1   0.0 /System/Library/Frameworks/Metal.framework/Versions/A/XPCServices/MTLCompilerService.xpc/Contents/MacOS/MTLCompilerService
 2304     1   0.0 /Applications/Google Chrome.app/Contents/Frameworks/Google Chrome Framework.framework/Versions/151.0.7922.169/Helpers/chrome_crashpad_handler
 2308  2271   2.5 /Applications/Google Chrome.app/Contents/Frameworks/Google Chrome Framework.framework/Versions/151.0.7922.169/Helpers/Google Chrome Helper.app/Contents/MacOS/Google Chrome Helper
 2309  2271   0.1 /Applications/Google Chrome.app/Contents/Frameworks/Google Chrome Framework.framework/Versions/151.0.7922.169/Helpers/Google Chrome Helper.app/Contents/MacOS/Google Chrome Helper
 2310  2271   0.0 /Applications/Google Chrome.app/Contents/Frameworks/Google Chrome Framework.framework/Versions/151.0.7922.169/Helpers/Google Chrome Helper.app/Contents/MacOS/Google Chrome Helper
 2315     1   0.0 /System/Library/Frameworks/Metal.framework/Versions/A/XPCServices/MTLCompilerService.xpc/Contents/MacOS/MTLCompilerService
 2317     1   0.0 /System/Library/Frameworks/Metal.framework/Versions/A/XPCServices/MTLCompilerService.xpc/Contents/MacOS/MTLCompilerService
 2318     1   0.0 /System/Cryptexes/App/usr/libexec/SafariLaunchAgent
 2321     1   0.0 /System/Library/Frameworks/ApplicationServices.framework/Versions/A/Frameworks/SpeechSynthesis.framework/Versions/A/XPCServices/SpeechSynthesisServerXPC.xpc/Contents/MacOS/SpeechSynthesisServerXPC
 2332     1   0.0 /System/Library/PrivateFrameworks/SafariPlatformSupport.framework/Versions/A/XPCServices/com.apple.SafariPlatformSupport.Helper.xpc/Contents/MacOS/com.apple.SafariPlatformSupport.Helper
 2387     1   0.0 /System/Library/PrivateFrameworks/PrivateCloudCompute.framework/privatecloudcomputed.app/Contents/MacOS/privatecloudcomputed
 2388     1   0.0 /System/Library/PrivateFrameworks/CloudTelemetry.framework/Versions/A/XPCServices/CloudTelemetryService.xpc/Contents/MacOS/CloudTelemetryService
 2433     1   0.0 /usr/libexec/ASPCarryLog
 2451     1   0.0 /System/Library/CryptoTokenKit/com.apple.ifdreader.slotd/Contents/MacOS/com.apple.ifdreader
 2453     1   0.0 /System/Library/PrivateFrameworks/MobileDevice.framework/Resources/MobileDeviceUpdater.app/Contents/MacOS/MobileDeviceUpdater
 2459     1   0.0 /Library/Apple/System/Library/PrivateFrameworks/MobileDevice.framework/Versions/A/XPCServices/MDRemoteServiceSupport.xpc/Contents/MacOS/MDRemoteServiceSupport
 2529     1   0.0 /usr/libexec/mlhostd
 2530     1   0.0 /System/Cryptexes/App/usr/libexec/PasswordBreachAgent
 2535     1   0.0 /System/Library/Frameworks/ExtensionFoundation.framework/Versions/A/XPCServices/extensionkitservice.xpc/Contents/MacOS/extensionkitservice
 2850     1   0.0 /System/Library/Frameworks/CoreServices.framework/Versions/A/Frameworks/Metadata.framework/Versions/A/Support/mdwrite
 2930     1   0.0 /usr/libexec/seputil
 2937     1   0.0 /System/Library/PrivateFrameworks/SiriAnalytics.framework/Versions/A/XPCServices/SAExtensionOrchestrator.xpc/Contents/MacOS/SAExtensionOrchestrator
 2939     1   0.0 /System/Library/Frameworks/ExtensionFoundation.framework/Versions/A/XPCServices/extensionkitservice.xpc/Contents/MacOS/extensionkitservice
 2942     1   0.0 /System/Library/ExtensionKit/Extensions/IFTelemetrySELFIngestor.appex/Contents/MacOS/IFTelemetrySELFIngestor
 2944     1   0.0 /System/Library/ExtensionKit/Extensions/GMSSELFIngestor.appex/Contents/MacOS/GMSSELFIngestor
 2945     1   0.0 /System/Library/ExtensionKit/Extensions/IFTranscriptSELFIngestor.appex/Contents/MacOS/IFTranscriptSELFIngestor
 2946     1   0.0 /System/Library/ExtensionKit/Extensions/BiomeSELFIngestor.appex/Contents/MacOS/BiomeSELFIngestor
 3018  2271   0.0 /Applications/Google Chrome.app/Contents/Frameworks/Google Chrome Framework.framework/Versions/151.0.7922.169/Helpers/Google Chrome Helper (Renderer).app/Contents/MacOS/Google Chrome Helper (Renderer)
 3038     1   0.0 /System/Library/PrivateFrameworks/MobileAccessoryUpdater.framework/XPCServices/UARPUpdaterServiceUSBPD.xpc/Contents/MacOS/UARPUpdaterServiceUSBPD
 3042     1   0.0 /System/Library/CoreServices/PowerChime.app/Contents/MacOS/PowerChime
 3043     1   0.0 /usr/libexec/mmaintenanced
 3044     1   0.0 /Library/Apple/System/Library/CoreServices/XProtect.app/Contents/MacOS/XProtect
 3045     1   0.0 /usr/libexec/metrickitd
 3069     1   0.0 /System/Library/Frameworks/Metal.framework/Versions/A/XPCServices/MTLCompilerService.xpc/Contents/MacOS/MTLCompilerService
 3070     1   0.0 /System/Library/Frameworks/Metal.framework/Versions/A/XPCServices/MTLCompilerService.xpc/Contents/MacOS/MTLCompilerService
 3297     1   0.0 /System/Library/PrivateFrameworks/MapsSync.framework/mapssyncd
 3302     1   0.0 /usr/libexec/dprivacyd
 3318     1   0.0 /System/Library/PrivateFrameworks/DifferentialPrivacy.framework/XPCServices/DPSubmissionService.xpc/Contents/MacOS/DPSubmissionService
 3324     1   0.0 /System/Library/PrivateFrameworks/GeoServices.framework/Versions/A/XPCServices/com.apple.geod.xpc/Contents/MacOS/com.apple.geod
 3325     1   0.0 /usr/libexec/secinitd
 3326     1   0.0 /usr/sbin/cfprefsd
 3328     1   0.0 /usr/libexec/trustd
 3329     1   0.0 /usr/libexec/containermanagerd
 3602     1   0.0 /System/Library/PrivateFrameworks/GeoServices.framework/Versions/A/XPCServices/com.apple.geod.xpc/Contents/MacOS/com.apple.geod
 3603     1   0.0 /usr/libexec/containermanagerd
 3776     1   0.0 /System/Library/CoreServices/UserNotificationCenter.app/Contents/MacOS/UserNotificationCenter
 3777     1   0.0 /System/Library/PrivateFrameworks/Synapse.framework/Support/contentlinkingd
 3788     1   0.0 /System/Library/Frameworks/Metal.framework/Versions/A/XPCServices/MTLCompilerService.xpc/Contents/MacOS/MTLCompilerService
 3789     1   0.0 /System/Library/Frameworks/Metal.framework/Versions/A/XPCServices/MTLCompilerService.xpc/Contents/MacOS/MTLCompilerService
 3836     1   0.0 /System/Library/Services/AppleSpell.service/Contents/MacOS/AppleSpell
 3892     1   0.0 /usr/libexec/naturallanguaged
 4251     1   0.0 /System/Library/Frameworks/Metal.framework/Versions/A/XPCServices/MTLCompilerService.xpc/Contents/MacOS/MTLCompilerService
 4252     1   0.0 /System/Library/Frameworks/Metal.framework/Versions/A/XPCServices/MTLCompilerService.xpc/Contents/MacOS/MTLCompilerService
 4256  2271   0.0 /Applications/Google Chrome.app/Contents/Frameworks/Google Chrome Framework.framework/Versions/151.0.7922.169/Helpers/Google Chrome Helper (Renderer).app/Contents/MacOS/Google Chrome Helper (Renderer)
 4298     1   0.0 /System/Applications/App Store.app/Contents/MacOS/App Store
 4301     1   0.0 /System/Library/PrivateFrameworks/CommerceKit.framework/Versions/A/Resources/storeuid.app/Contents/MacOS/storeuid
 4303     1   0.0 /usr/libexec/gamed
 4307     1   0.0 /System/Library/Frameworks/VideoToolbox.framework/Versions/A/XPCServices/VTDecoderXPCService.xpc/Contents/MacOS/VTDecoderXPCService
 4313     1   0.0 /System/Library/PrivateFrameworks/AppStoreDaemon.framework/Versions/A/XPCServices/com.apple.AppStoreDaemon.StorePrivilegedTaskService.xpc/Contents/MacOS/com.apple.AppStoreDaemon.StorePrivilegedTaskService
 4548     1   0.0 /System/Applications/Weather.app/Contents/PlugIns/WeatherWidget.appex/Contents/MacOS/WeatherWidget
 5943     1   0.0 /System/Library/Frameworks/AuthenticationServices.framework/Versions/A/XPCServices/com.apple.AuthenticationServices.Helper.xpc/Contents/MacOS/com.apple.AuthenticationServices.Helper
 6036  2271   0.0 /Applications/Google Chrome.app/Contents/Frameworks/Google Chrome Framework.framework/Versions/151.0.7922.169/Helpers/Google Chrome Helper (Renderer).app/Contents/MacOS/Google Chrome Helper (Renderer)
 6091     1   0.0 /System/Library/Frameworks/ShazamKit.framework/shazamd
 6428     1   0.0 /System/Library/Frameworks/CoreServices.framework/Versions/A/Frameworks/Metadata.framework/Versions/A/Support/managedcorespotlightd
 6598     1   0.0 /usr/libexec/textunderstandingd
 6660     1   0.0 /System/Library/CoreServices/ReportSystemMemory
 6750     1   0.0 /usr/libexec/spotlightknowledged.updater
 7163  2271   0.0 /Applications/Google Chrome.app/Contents/Frameworks/Google Chrome Framework.framework/Versions/151.0.7922.169/Helpers/Google Chrome Helper (Renderer).app/Contents/MacOS/Google Chrome Helper (Renderer)
 7218 63861   2.1 /Applications/wpsoffice.app/Contents/SharedSupport/wpscloudsvr.app/Contents/MacOS/wpscloudsvr
 8233     1   0.0 /System/Library/ExtensionKit/Extensions/MetricsExtension.appex/Contents/MacOS/MetricsExtension
 8573 17113   0.0 /Applications/ChatGPT.app/Contents/Resources/cua_node/bin/node
 8574 17113   0.0 /Applications/ChatGPT.app/Contents/Resources/cua_node/bin/node
 8575 17113   0.0 /Applications/ChatGPT.app/Contents/Resources/cua_node/bin/node_repl
 8576 17113   0.0 /Applications/ChatGPT.app/Contents/Resources/cua_node/bin/node
 8678  8576   0.0 /Applications/ChatGPT.app/Contents/Resources/cua_node/bin/node_repl
 8710     1   0.0 /usr/libexec/dprivacyd
 8768     1   0.0 /System/Library/PrivateFrameworks/MediaAnalysisAccess.framework/Versions/A/XPCServices/mediaanalysisd-access.xpc/Contents/MacOS/mediaanalysisd-access
 8951  2271   0.0 /Applications/Google Chrome.app/Contents/Frameworks/Google Chrome Framework.framework/Versions/151.0.7922.169/Helpers/Google Chrome Helper (Renderer).app/Contents/MacOS/Google Chrome Helper (Renderer)
 9068     1   0.0 /System/Library/Frameworks/AudioToolbox.framework/XPCServices/com.apple.audio.SandboxHelper.xpc/Contents/MacOS/com.apple.audio.SandboxHelper
 9069     1   0.0 /System/Library/Frameworks/VideoToolbox.framework/Versions/A/XPCServices/VTDecoderXPCService.xpc/Contents/MacOS/VTDecoderXPCService
 9301     1   0.0 /System/Library/Frameworks/VideoToolbox.framework/Versions/A/XPCServices/VTEncoderXPCService.xpc/Contents/MacOS/VTEncoderXPCService
 9442     1   0.0 /System/Library/Frameworks/Metal.framework/Versions/A/XPCServices/MTLCompilerService.xpc/Contents/MacOS/MTLCompilerService
10159     1   0.0 /Applications/GitHub Desktop.app/Contents/MacOS/GitHub Desktop
10161     1   0.2 /Applications/Clash Verge.app/Contents/MacOS/clash-verge
10162     1   0.0 /System/Library/Frameworks/WebKit.framework/Versions/A/XPCServices/com.apple.WebKit.GPU.xpc/Contents/MacOS/com.apple.WebKit.GPU
10163     1   0.0 /System/Library/Frameworks/WebKit.framework/Versions/A/XPCServices/com.apple.WebKit.Networking.xpc/Contents/MacOS/com.apple.WebKit.Networking
10164     1   0.0 /System/Library/Frameworks/WebKit.framework/Versions/A/XPCServices/com.apple.WebKit.WebContent.xpc/Contents/MacOS/com.apple.WebKit.WebContent
10176     1   0.0 /System/Library/Frameworks/AudioToolbox.framework/XPCServices/com.apple.audio.SandboxHelper.xpc/Contents/MacOS/com.apple.audio.SandboxHelper
10232 10159   0.0 /Applications/GitHub Desktop.app/Contents/Frameworks/GitHub Desktop Helper.app/Contents/MacOS/GitHub Desktop Helper
10234 10159   0.0 /Applications/GitHub Desktop.app/Contents/Frameworks/GitHub Desktop Helper.app/Contents/MacOS/GitHub Desktop Helper
10340  2271   0.0 /Applications/Google Chrome.app/Contents/Frameworks/Google Chrome Framework.framework/Versions/151.0.7922.169/Helpers/Google Chrome Helper (Renderer).app/Contents/MacOS/Google Chrome Helper (Renderer)
10408 10159   0.0 /Applications/GitHub Desktop.app/Contents/Frameworks/GitHub Desktop Helper (Renderer).app/Contents/MacOS/GitHub Desktop Helper (Renderer)
10502     1   0.0 /System/Library/Frameworks/Metal.framework/Versions/A/XPCServices/MTLCompilerService.xpc/Contents/MacOS/MTLCompilerService
10534 63861   0.0 /Applications/wpsoffice.app/Contents/SharedSupport/promecefpluginhost (Renderer).app/Contents/MacOS/promecefpluginhost (Renderer)
10535 63861   0.0 /Applications/wpsoffice.app/Contents/SharedSupport/promecefpluginhost (Renderer).app/Contents/MacOS/promecefpluginhost (Renderer)
10581     1   0.0 /usr/libexec/proactiveeventtrackerd
10861     1   0.0 /System/Library/Frameworks/Metal.framework/Versions/A/XPCServices/MTLCompilerService.xpc/Contents/MacOS/MTLCompilerService
11354     1   0.0 /System/Library/PrivateFrameworks/SafariPlatformSupport.framework/Versions/A/XPCServices/com.apple.SafariPlatformSupport.Helper.xpc/Contents/MacOS/com.apple.SafariPlatformSupport.Helper
11432     1   0.0 /System/Library/PrivateFrameworks/CascadeSets.framework/Versions/A/XPCServices/SetStoreUpdateService.xpc/Contents/MacOS/SetStoreUpdateService
11472     1   0.0 /System/Library/PrivateFrameworks/BookKit.framework/Versions/A/XPCServices/com.apple.BKAgentService.xpc/Contents/MacOS/com.apple.BKAgentService
11497     1   0.0 /Applications/GitHub Desktop.app/Contents/Frameworks/Squirrel.framework/Resources/ShipIt
11639  2271   0.0 /Applications/Google Chrome.app/Contents/Frameworks/Google Chrome Framework.framework/Versions/151.0.7922.169/Helpers/Google Chrome Helper (Renderer).app/Contents/MacOS/Google Chrome Helper (Renderer)
11785     1   0.0 /usr/libexec/corercd
11788     1   0.0 /System/Library/PrivateFrameworks/AmbientDisplay.framework/Versions/A/XPCServices/com.apple.AmbientDisplayAgent.xpc/Contents/MacOS/com.apple.AmbientDisplayAgent
11790     1   0.0 /System/Library/Frameworks/ColorSync.framework/Versions/A/XPCServices/com.apple.ColorSyncXPCAgent.xpc/Contents/MacOS/com.apple.ColorSyncXPCAgent
11834     1   0.0 /System/Library/Frameworks/AppKit.framework/Versions/C/XPCServices/ThemeWidgetControlViewService.xpc/Contents/MacOS/ThemeWidgetControlViewService
11857  2271   0.0 /Applications/Google Chrome.app/Contents/Frameworks/Google Chrome Framework.framework/Versions/151.0.7922.169/Helpers/Google Chrome Helper (Renderer).app/Contents/MacOS/Google Chrome Helper (Renderer)
12143 17113   0.0 /Applications/ChatGPT.app/Contents/Resources/cua_node/bin/node
12144 17113   0.0 /Applications/ChatGPT.app/Contents/Resources/cua_node/bin/node
12145 17113   0.0 /Applications/ChatGPT.app/Contents/Resources/cua_node/bin/node
12146 17113   0.0 /Applications/ChatGPT.app/Contents/Resources/cua_node/bin/node_repl
12190 12145   0.0 /Applications/ChatGPT.app/Contents/Resources/cua_node/bin/node_repl
12830  2271   0.0 /Applications/Google Chrome.app/Contents/Frameworks/Google Chrome Framework.framework/Versions/151.0.7922.169/Helpers/Google Chrome Helper (Renderer).app/Contents/MacOS/Google Chrome Helper (Renderer)
14474     1   1.9 /Applications/WeChat.app/Contents/MacOS/WeChat
14480     1   0.0 /Applications/WeChat.app/Contents/Frameworks/crashpad_handler
14540     1   0.0 /System/Library/PrivateFrameworks/DeviceCheckInternal.framework/devicecheckd
14542     1   0.0 /System/Library/Frameworks/AudioToolbox.framework/XPCServices/com.apple.audio.SandboxHelper.xpc/Contents/MacOS/com.apple.audio.SandboxHelper
14573     1   0.0 /usr/libexec/spindump_agent
14589     1   0.0 /System/Library/Frameworks/Metal.framework/Versions/A/XPCServices/MTLCompilerService.xpc/Contents/MacOS/MTLCompilerService
14630     1   0.0 /System/Library/Frameworks/Metal.framework/Versions/A/XPCServices/MTLCompilerService.xpc/Contents/MacOS/MTLCompilerService
14631     1   0.0 /System/Library/PrivateFrameworks/SafariPlatformSupport.framework/Versions/A/XPCServices/com.apple.SafariPlatformSupport.Helper.xpc/Contents/MacOS/com.apple.SafariPlatformSupport.Helper
15041 14474   0.0 /Applications/WeChat.app/Contents/MacOS/WeChatAppEx.app/Contents/MacOS/WeChatAppEx
15045 15041   0.0 /Applications/WeChat.app/Contents/MacOS/WeChatAppEx.app/Contents/Frameworks/WeChatAppEx Framework.framework/Versions/C/Helpers/WeChatAppEx Helper.app/Contents/MacOS/WeChatAppEx Helper
15046 15041   0.0 /Applications/WeChat.app/Contents/MacOS/WeChatAppEx.app/Contents/Frameworks/WeChatAppEx Framework.framework/Versions/C/Helpers/WeChatAppEx Helper (GPU).app/Contents/MacOS/WeChatAppEx Helper (GPU)
15133 14474   0.0 /Applications/WeChat.app/Contents/Frameworks/wxocr
15134 15041   0.0 /Applications/WeChat.app/Contents/MacOS/WeChatAppEx.app/Contents/Frameworks/WeChatAppEx Framework.framework/Versions/C/Helpers/WeChatAppEx Helper.app/Contents/MacOS/WeChatAppEx Helper
15136 14474   0.3 /Applications/WeChat.app/Contents/Frameworks/wxplayer
15137 14474   0.0 /Applications/WeChat.app/Contents/Frameworks/wxutility
15149 15041   0.1 /Applications/WeChat.app/Contents/MacOS/WeChatAppEx.app/Contents/Frameworks/WeChatAppEx Framework.framework/Versions/C/Helpers/WeChatAppEx Helper (Renderer).app/Contents/MacOS/WeChatAppEx Helper (Renderer)
15150 15041   0.0 /Applications/WeChat.app/Contents/MacOS/WeChatAppEx.app/Contents/Frameworks/WeChatAppEx Framework.framework/Versions/C/Helpers/WeChatAppEx Helper (Renderer).app/Contents/MacOS/WeChatAppEx Helper (Renderer)
15166 15041   0.0 /Applications/WeChat.app/Contents/MacOS/WeChatAppEx.app/Contents/Frameworks/WeChatAppEx Framework.framework/Versions/C/Helpers/WeChatAppEx Helper (Renderer).app/Contents/MacOS/WeChatAppEx Helper (Renderer)
15175 15041   0.0 /Applications/WeChat.app/Contents/MacOS/WeChatAppEx.app/Contents/Frameworks/WeChatAppEx Framework.framework/Versions/C/Helpers/WeChatAppEx Helper (Renderer).app/Contents/MacOS/WeChatAppEx Helper (Renderer)
15201 15041   0.1 /Applications/WeChat.app/Contents/MacOS/WeChatAppEx.app/Contents/Frameworks/WeChatAppEx Framework.framework/Versions/C/Helpers/WeChatAppEx Helper (Renderer).app/Contents/MacOS/WeChatAppEx Helper (Renderer)
15204     1   0.0 /System/Library/Frameworks/Metal.framework/Versions/A/XPCServices/MTLCompilerService.xpc/Contents/MacOS/MTLCompilerService
15207     1   0.0 /System/Library/Frameworks/Metal.framework/Versions/A/XPCServices/MTLCompilerService.xpc/Contents/MacOS/MTLCompilerService
15215     1   0.0 /System/Library/Frameworks/VideoToolbox.framework/Versions/A/XPCServices/VTEncoderXPCService.xpc/Contents/MacOS/VTEncoderXPCService
15282     1   0.0 /System/Library/Frameworks/AudioToolbox.framework/XPCServices/com.apple.audio.SandboxHelper.xpc/Contents/MacOS/com.apple.audio.SandboxHelper
15283     1   0.0 /System/Library/Frameworks/VideoToolbox.framework/Versions/A/XPCServices/VTDecoderXPCService.xpc/Contents/MacOS/VTDecoderXPCService
16040     1   0.0 /System/Library/Frameworks/VideoToolbox.framework/Versions/A/XPCServices/VTEncoderXPCService.xpc/Contents/MacOS/VTEncoderXPCService
16239  2271   0.0 /Users/wangweiyang/.codex/plugins/cache/openai-bundled/chrome/latest/extension-host/macos/arm64/ChatGPT for Chrome
16240  2271   0.0 /Users/wangweiyang/.codex/plugins/cache/openai-bundled/chrome/latest/extension-host/macos/arm64/ChatGPT for Chrome
16452     1   0.0 /System/Library/Input Methods/TrackpadIM.app/Contents/PlugIns/TIM_Extension.appex/Contents/MacOS/TIM_Extension
16466  2271   0.0 /Applications/Google Chrome.app/Contents/Frameworks/Google Chrome Framework.framework/Versions/151.0.7922.169/Helpers/Google Chrome Helper (Renderer).app/Contents/MacOS/Google Chrome Helper (Renderer)
16485     1   0.0 /System/Library/Frameworks/Metal.framework/Versions/A/XPCServices/MTLCompilerService.xpc/Contents/MacOS/MTLCompilerService
16486     1   0.0 /System/Library/Frameworks/Metal.framework/Versions/A/XPCServices/MTLCompilerService.xpc/Contents/MacOS/MTLCompilerService
16508     1   0.0 /usr/libexec/studentd
16561     1   0.0 /System/Library/Input Methods/SCIM.app/Contents/PlugIns/SCIM_Extension.appex/Contents/MacOS/SCIM_Extension
16573  2271   0.0 /Applications/Google Chrome.app/Contents/Frameworks/Google Chrome Framework.framework/Versions/151.0.7922.169/Helpers/Google Chrome Helper (Renderer).app/Contents/MacOS/Google Chrome Helper (Renderer)
16616     1   0.0 /System/Library/Frameworks/NetFS.framework/Versions/A/XPCServices/PlugInLibraryService.xpc/Contents/MacOS/PlugInLibraryService
16630     1   0.0 /System/Library/Frameworks/NetFS.framework/Versions/A/XPCServices/PlugInLibraryService.xpc/Contents/MacOS/PlugInLibraryService
16631     1   0.0 /System/Library/Frameworks/NetFS.framework/Versions/A/XPCServices/PlugInLibraryService.xpc/Contents/MacOS/PlugInLibraryService
16632     1   0.0 /System/Library/Frameworks/NetFS.framework/Versions/A/XPCServices/PlugInLibraryService.xpc/Contents/MacOS/PlugInLibraryService
16795     1   3.2 /Applications/ChatGPT.app/Contents/MacOS/ChatGPT
16807     1   0.0 /Applications/ChatGPT.app/Contents/Frameworks/Codex Framework.framework/Versions/152.0.7977.83/Helpers/browser_crashpad_handler
16809     1   0.0 /Applications/ChatGPT.app/Contents/Frameworks/Codex Framework.framework/Versions/152.0.7977.83/Helpers/browser_crashpad_handler
16818 16795  17.9 /Applications/ChatGPT.app/Contents/Frameworks/Codex Framework.framework/Versions/152.0.7977.83/Helpers/Codex (Service).app/Contents/MacOS/Codex (Service)
16819 16795   0.0 /Applications/ChatGPT.app/Contents/Frameworks/Codex Framework.framework/Versions/152.0.7977.83/Helpers/Codex (Service).app/Contents/MacOS/Codex (Service)
16820 16795   0.0 /Applications/ChatGPT.app/Contents/Frameworks/Codex Framework.framework/Versions/152.0.7977.83/Helpers/Codex (Service).app/Contents/MacOS/Codex (Service)
17111 16795   0.0 /Applications/ChatGPT.app/Contents/Resources/native/bare-modifier-monitor
17113 16795   1.8 /Applications/ChatGPT.app/Contents/Resources/codex
17118 16795  21.7 /Applications/ChatGPT.app/Contents/Frameworks/Codex Framework.framework/Versions/152.0.7977.83/Helpers/Codex (Renderer).app/Contents/MacOS/Codex (Renderer)
17162     1   0.0 /System/Library/PrivateFrameworks/SafariPlatformSupport.framework/Versions/A/XPCServices/com.apple.SafariPlatformSupport.Helper.xpc/Contents/MacOS/com.apple.SafariPlatformSupport.Helper
17179 16795   0.0 /Users/wangweiyang/.codex/computer-use/Codex Computer Use.app/Contents/MacOS/SkyComputerUseService
17207     1   0.0 /System/Library/Frameworks/Metal.framework/Versions/A/XPCServices/MTLCompilerService.xpc/Contents/MacOS/MTLCompilerService
17208     1   0.0 /System/Library/Frameworks/Metal.framework/Versions/A/XPCServices/MTLCompilerService.xpc/Contents/MacOS/MTLCompilerService
17249 16795   0.0 /Applications/ChatGPT.app/Contents/Frameworks/Codex Framework.framework/Versions/152.0.7977.83/Helpers/Codex (Renderer).app/Contents/MacOS/Codex (Renderer)
17269     1   0.0 /System/Library/Frameworks/VideoToolbox.framework/Versions/A/XPCServices/VTEncoderXPCService.xpc/Contents/MacOS/VTEncoderXPCService
18753 17113   0.0 /Applications/ChatGPT.app/Contents/Resources/codex-code-mode-host
18780  2271   0.0 /Applications/Google Chrome.app/Contents/Frameworks/Google Chrome Framework.framework/Versions/151.0.7922.169/Helpers/Google Chrome Helper (Renderer).app/Contents/MacOS/Google Chrome Helper (Renderer)
19040  2271   0.0 /Applications/Google Chrome.app/Contents/Frameworks/Google Chrome Framework.framework/Versions/151.0.7922.169/Helpers/Google Chrome Helper (Renderer).app/Contents/MacOS/Google Chrome Helper (Renderer)
19294  2271   0.0 /Applications/Google Chrome.app/Contents/Frameworks/Google Chrome Framework.framework/Versions/151.0.7922.169/Helpers/Google Chrome Helper (Renderer).app/Contents/MacOS/Google Chrome Helper (Renderer)
19685     1   0.0 /usr/libexec/tzlinkd
20189     1   0.0 /System/Library/CoreServices/Problem Reporter.app/Contents/MacOS/Problem Reporter
20200  2271   0.0 /Applications/Google Chrome.app/Contents/Frameworks/Google Chrome Framework.framework/Versions/151.0.7922.169/Helpers/Google Chrome Helper (Renderer).app/Contents/MacOS/Google Chrome Helper (Renderer)
20206     1   0.6 /System/Library/PrivateFrameworks/EcosystemAnalytics.framework/Support/ecosystemanalyticsd
22201     1   0.0 /System/Library/PrivateFrameworks/GeoServices.framework/Versions/A/XPCServices/com.apple.geod.xpc/Contents/MacOS/com.apple.geod
22202     1   0.0 /usr/sbin/distnoted
22204     1   0.0 /usr/libexec/secinitd
22205     1   0.0 /usr/sbin/cfprefsd
22206     1   0.0 /usr/libexec/trustd
22207     1   0.0 /usr/libexec/containermanagerd
25324     1   0.0 /System/Library/Frameworks/ColorSync.framework/Support/colorsync.useragent
27315  2271   0.0 /Applications/Google Chrome.app/Contents/Frameworks/Google Chrome Framework.framework/Versions/151.0.7922.169/Helpers/Google Chrome Helper (Renderer).app/Contents/MacOS/Google Chrome Helper (Renderer)
27368     1   0.0 /usr/libexec/ciphermld
28371     1   0.0 /System/Library/PrivateFrameworks/CloudTelemetry.framework/Versions/A/XPCServices/CloudTelemetryService.xpc/Contents/MacOS/CloudTelemetryService
29008     1   0.0 /Library/Apple/System/Library/CoreServices/XProtect.app/Contents/MacOS/XProtect
29778 61843   0.0 /Applications/Wave.app/Contents/Frameworks/Wave Helper (Renderer).app/Contents/MacOS/Wave Helper (Renderer)
30283     1   0.0 /System/Library/Frameworks/CoreSpotlight.framework/spotlightknowledged
31786  2271   4.0 /Applications/Google Chrome.app/Contents/Frameworks/Google Chrome Framework.framework/Versions/151.0.7922.169/Helpers/Google Chrome Helper (Renderer).app/Contents/MacOS/Google Chrome Helper (Renderer)
31885  2271   0.0 /Applications/Google Chrome.app/Contents/Frameworks/Google Chrome Framework.framework/Versions/151.0.7922.169/Helpers/Google Chrome Helper (Renderer).app/Contents/MacOS/Google Chrome Helper (Renderer)
32459     1   0.0 /System/Library/Frameworks/NetFS.framework/Versions/A/XPCServices/PlugInLibraryService.xpc/Contents/MacOS/PlugInLibraryService
32460     1   0.0 /System/Library/Frameworks/NetFS.framework/Versions/A/XPCServices/PlugInLibraryService.xpc/Contents/MacOS/PlugInLibraryService
32662     1   0.0 /Applications/中国移动云盘.app/Contents/MacOS/中国移动云盘
32667     1   0.0 /System/Library/Frameworks/Metal.framework/Versions/A/XPCServices/MTLCompilerService.xpc/Contents/MacOS/MTLCompilerService
32668     1   0.0 /System/Library/Frameworks/Metal.framework/Versions/A/XPCServices/MTLCompilerService.xpc/Contents/MacOS/MTLCompilerService
32676 32662   0.0 /Applications/中国移动云盘.app/Contents/Frameworks/中国移动云盘 Helper (GPU).app/Contents/MacOS/中国移动云盘 Helper (GPU)
32677     1   0.0 /System/Library/Frameworks/NetFS.framework/Versions/A/XPCServices/PlugInLibraryService.xpc/Contents/MacOS/PlugInLibraryService
32678 32662   0.0 /Applications/中国移动云盘.app/Contents/Frameworks/中国移动云盘 Helper.app/Contents/MacOS/中国移动云盘 Helper
32679 32662   0.0 /Applications/中国移动云盘.app/Contents/Frameworks/中国移动云盘 Helper (Renderer).app/Contents/MacOS/中国移动云盘 Helper (Renderer)
32680 32662   0.0 /Applications/中国移动云盘.app/Contents/Frameworks/中国移动云盘 Helper (Renderer).app/Contents/MacOS/中国移动云盘 Helper (Renderer)
32681 32662   0.0 /Applications/中国移动云盘.app/Contents/Frameworks/中国移动云盘 Helper (Renderer).app/Contents/MacOS/中国移动云盘 Helper (Renderer)
32682 32662   0.0 /Applications/中国移动云盘.app/Contents/Frameworks/中国移动云盘 Helper (Renderer).app/Contents/MacOS/中国移动云盘 Helper (Renderer)
32683 32662   0.0 /Applications/中国移动云盘.app/Contents/Frameworks/中国移动云盘 Helper (Renderer).app/Contents/MacOS/中国移动云盘 Helper (Renderer)
32684     1   0.0 /System/Library/Frameworks/VideoToolbox.framework/Versions/A/XPCServices/VTDecoderXPCService.xpc/Contents/MacOS/VTDecoderXPCService
32685 32662   0.0 /Applications/中国移动云盘.app/Contents/Frameworks/中国移动云盘 Helper (Renderer).app/Contents/MacOS/中国移动云盘 Helper (Renderer)
32690 32662   0.1 /Applications/中国移动云盘.app/Contents/processes/uploadDownload
32691 32662   0.0 /Applications/中国移动云盘.app/Contents/processes/backupDisk
32692 32662   0.0 /Applications/中国移动云盘.app/Contents/processes/notes
32706     1   0.0 /System/Library/PrivateFrameworks/SafariPlatformSupport.framework/Versions/A/XPCServices/com.apple.SafariPlatformSupport.Helper.xpc/Contents/MacOS/com.apple.SafariPlatformSupport.Helper
33027     1   0.0 openclaw-gateway
33397 85303   0.0 /Applications/Lark.app/Contents/Frameworks/Lark Framework.framework/Versions/143.0.7499.203/Helpers/Lark Helper (Renderer).app/Contents/MacOS/Lark Helper (Renderer)
33625     1   0.0 /System/iOSSupport/System/Library/PrivateFrameworks/HomeEnergyDaemon.framework/Support/homeenergyd
33760  2271   0.0 /Applications/Google Chrome.app/Contents/Frameworks/Google Chrome Framework.framework/Versions/151.0.7922.169/Helpers/Google Chrome Helper (Renderer).app/Contents/MacOS/Google Chrome Helper (Renderer)
34018  2271   0.0 /Applications/Google Chrome.app/Contents/Frameworks/Google Chrome Framework.framework/Versions/151.0.7922.169/Helpers/Google Chrome Helper (Renderer).app/Contents/MacOS/Google Chrome Helper (Renderer)
34022  2271   1.6 /Applications/Google Chrome.app/Contents/Frameworks/Google Chrome Framework.framework/Versions/151.0.7922.169/Helpers/Google Chrome Helper (Renderer).app/Contents/MacOS/Google Chrome Helper (Renderer)
34076  2271   0.0 /Applications/Google Chrome.app/Contents/Frameworks/Google Chrome Framework.framework/Versions/151.0.7922.169/Helpers/Google Chrome Helper (Renderer).app/Contents/MacOS/Google Chrome Helper (Renderer)
34340     1   0.0 /usr/bin/ssh-agent
36931     1   0.0 /usr/libexec/griddatad
36946     1   0.0 /usr/libexec/tzd
36948     1   0.0 /System/Library/PrivateFrameworks/AppleNeuralEngine.framework/XPCServices/ANEStorageMaintainer.xpc/Contents/MacOS/ANEStorageMaintainer
36949     1   0.0 /System/Library/PrivateFrameworks/MobileAccessoryUpdater.framework/XPCServices/UARPUpdaterServiceDisplay.xpc/Contents/MacOS/UARPUpdaterServiceDisplay
36950     1   0.0 /System/Library/PrivateFrameworks/MobileAccessoryUpdater.framework/XPCServices/UARPUpdaterServiceLegacyAudio.xpc/Contents/MacOS/UARPUpdaterServiceLegacyAudio
36951     1   0.0 /System/Library/PrivateFrameworks/GameControllerFoundation.framework/Versions/A/XPCServices/GameControllerConfigService.xpc/Contents/MacOS/GameControllerConfigService
36952     1   0.0 /usr/sbin/distnoted
36953     1   0.0 /System/Library/PrivateFrameworks/AppleNeuralEngine.framework/XPCServices/ANEStorageMaintainer.xpc/Contents/MacOS/ANEStorageMaintainer
37229 32662   0.0 /Applications/中国移动云盘.app/Contents/Frameworks/中国移动云盘 Helper (Renderer).app/Contents/MacOS/中国移动云盘 Helper (Renderer)
37252     1   0.0 /System/Library/Frameworks/AppKit.framework/Versions/C/XPCServices/com.apple.appkit.xpc.openAndSavePanelService.xpc/Contents/MacOS/com.apple.appkit.xpc.openAndSavePanelService
37253     1   0.0 /System/Library/Frameworks/QuickLookUI.framework/Versions/A/XPCServices/QuickLookUIService.xpc/Contents/MacOS/QuickLookUIService
37260     1   0.0 /System/Library/Frameworks/Metal.framework/Versions/A/XPCServices/MTLCompilerService.xpc/Contents/MacOS/MTLCompilerService
37261     1   0.0 /System/Library/Frameworks/Metal.framework/Versions/A/XPCServices/MTLCompilerService.xpc/Contents/MacOS/MTLCompilerService
37290     1   0.0 /System/Library/Frameworks/NetFS.framework/Versions/A/XPCServices/PlugInLibraryService.xpc/Contents/MacOS/PlugInLibraryService
37591     1   0.3 /Applications/BaiduNetdisk_mac.app/Contents/PlugIns/baiduNetdiskSync.appex/Contents/MacOS/baiduNetdiskSync
37592     1   0.0 /Applications/BaiduNetdisk_mac.app/Contents/PlugIns/baiduNetdiskSync.appex/Contents/MacOS/baiduNetdiskSync
37670     1   0.0 /System/Library/PrivateFrameworks/MobileAccessoryUpdater.framework/XPCServices/EAUpdaterService.xpc/Contents/MacOS/EAUpdaterService
37851     1   0.0 /System/Library/CoreServices/EscrowSecurityAlert.app/Contents/MacOS/EscrowSecurityAlert
37861     1   0.0 /usr/libexec/sysdiagnosed
37868     1   0.0 /System/Library/PrivateFrameworks/AssistantServices.framework/Versions/A/XPCServices/media-indexer.xpc/Contents/MacOS/media-indexer
37869     1   0.0 /System/Library/PrivateFrameworks/AMPLibrary.framework/Versions/A/Support/AMPLibraryAgent
37872     1   0.0 /System/Library/PrivateFrameworks/PodcastServices.framework/XPCServices/PodcastContentService.xpc/Contents/MacOS/PodcastContentService
37873     1   0.0 /System/Library/PrivateFrameworks/AMPLibrary.framework/Versions/A/Support/AMPArtworkAgent
37878     1   0.0 /System/Library/PrivateFrameworks/Categories.framework/Versions/A/XPCServices/CategoriesService.xpc/Contents/MacOS/CategoriesService
37897     1   0.0 /System/Library/Frameworks/NetFS.framework/Versions/A/XPCServices/PlugInLibraryService.xpc/Contents/MacOS/PlugInLibraryService
38053 17113   0.0 /Applications/ChatGPT.app/Contents/Resources/cua_node/bin/node
38054 17113   0.0 /Applications/ChatGPT.app/Contents/Resources/cua_node/bin/node
38055 17113   0.0 /Applications/ChatGPT.app/Contents/Resources/cua_node/bin/node_repl
38056 17113   0.0 /Applications/ChatGPT.app/Contents/Resources/cua_node/bin/node
38135 38054   0.0 /Applications/ChatGPT.app/Contents/Resources/cua_node/bin/node_repl
38567     1   0.0 /System/Library/Frameworks/NetFS.framework/Versions/A/XPCServices/PlugInLibraryService.xpc/Contents/MacOS/PlugInLibraryService
39318     1   0.0 /usr/libexec/mlruntimed
39319     1   0.0 /System/Library/PrivateFrameworks/IMDPersistence.framework/IMAutomaticHistoryDeletionAgent.app/Contents/MacOS/IMAutomaticHistoryDeletionAgent
39394     1   0.0 tmux
41315     1   0.0 /System/Library/Frameworks/VideoToolbox.framework/Versions/A/XPCServices/VTEncoderXPCService.xpc/Contents/MacOS/VTEncoderXPCService
41517  2271   0.1 /Applications/Google Chrome.app/Contents/Frameworks/Google Chrome Framework.framework/Versions/151.0.7922.169/Helpers/Google Chrome Helper (Renderer).app/Contents/MacOS/Google Chrome Helper (Renderer)
41805  2271   0.0 /Applications/Google Chrome.app/Contents/Frameworks/Google Chrome Framework.framework/Versions/151.0.7922.169/Helpers/Google Chrome Helper (Renderer).app/Contents/MacOS/Google Chrome Helper (Renderer)
42746 15041   0.1 /Applications/WeChat.app/Contents/MacOS/WeChatAppEx.app/Contents/Frameworks/WeChatAppEx Framework.framework/Versions/C/Helpers/WeChatAppEx Helper (Renderer).app/Contents/MacOS/WeChatAppEx Helper (Renderer)
43040     1   0.0 /System/Library/Frameworks/Security.framework/authtrampoline
43068     1   0.0 /Library/PrivilegedHelperTools/io.github.clash-verge-rev.clash-verge-rev.service.bundle/Contents/MacOS/clash-verge-service
43072 43068   1.6 /Applications/Clash Verge.app/Contents/MacOS/verge-mihomo
43139 43072   0.0 <defunct>
43218  2271   0.0 /Applications/Google Chrome.app/Contents/Frameworks/Google Chrome Framework.framework/Versions/151.0.7922.169/Helpers/Google Chrome Helper (Renderer).app/Contents/MacOS/Google Chrome Helper (Renderer)
43593  2271   0.0 /Applications/Google Chrome.app/Contents/Frameworks/Google Chrome Framework.framework/Versions/151.0.7922.169/Helpers/Google Chrome Helper (Renderer).app/Contents/MacOS/Google Chrome Helper (Renderer)
43679     1   0.0 /System/Library/Frameworks/ManagedAppDistribution.framework/Support/managedappdistributionagent
43682     1   0.0 /System/Library/PrivateFrameworks/ManagedBackgroundAssets.framework/Versions/A/XPCServices/Managed Background Assets Helper Service.xpc/Contents/MacOS/Managed Background Assets Helper Service
44043     1   0.0 /Applications/Tailscale.app/Contents/MacOS/Tailscale
44051     1   0.0 /System/Library/Frameworks/ColorSync.framework/Versions/A/XPCServices/com.apple.ColorSyncXPCAgent.xpc/Contents/MacOS/com.apple.ColorSyncXPCAgent
44053     1   0.0 /usr/libexec/loginitemregisterd
44055     1   0.0 /System/Library/Frameworks/Metal.framework/Versions/A/XPCServices/MTLCompilerService.xpc/Contents/MacOS/MTLCompilerService
44056     1   0.0 /System/Library/Frameworks/Metal.framework/Versions/A/XPCServices/MTLCompilerService.xpc/Contents/MacOS/MTLCompilerService
44066     1   0.0 /Library/SystemExtensions/83D23AB3-BF53-434A-A860-CABCE3B3BB74/io.tailscale.ipn.macsys.network-extension.systemextension/Contents/MacOS/io.tailscale.ipn.macsys.network-extension
44151  2271   0.0 /Applications/Google Chrome.app/Contents/Frameworks/Google Chrome Framework.framework/Versions/151.0.7922.169/Helpers/Google Chrome Helper (Renderer).app/Contents/MacOS/Google Chrome Helper (Renderer)
44393  2271   0.0 /Applications/Google Chrome.app/Contents/Frameworks/Google Chrome Framework.framework/Versions/151.0.7922.169/Helpers/Google Chrome Helper (Renderer).app/Contents/MacOS/Google Chrome Helper (Renderer)
44399  2271   0.0 /Applications/Google Chrome.app/Contents/Frameworks/Google Chrome Framework.framework/Versions/151.0.7922.169/Helpers/Google Chrome Helper (Renderer).app/Contents/MacOS/Google Chrome Helper (Renderer)
44400  2271   0.0 /Applications/Google Chrome.app/Contents/Frameworks/Google Chrome Framework.framework/Versions/151.0.7922.169/Helpers/Google Chrome Helper (Renderer).app/Contents/MacOS/Google Chrome Helper (Renderer)
44405  2271   0.0 /Applications/Google Chrome.app/Contents/Frameworks/Google Chrome Framework.framework/Versions/151.0.7922.169/Helpers/Google Chrome Helper (Renderer).app/Contents/MacOS/Google Chrome Helper (Renderer)
44426  2271   0.0 /Applications/Google Chrome.app/Contents/Frameworks/Google Chrome Framework.framework/Versions/151.0.7922.169/Helpers/Google Chrome Helper (Renderer).app/Contents/MacOS/Google Chrome Helper (Renderer)
44443  2271   0.0 /Applications/Google Chrome.app/Contents/Frameworks/Google Chrome Framework.framework/Versions/151.0.7922.169/Helpers/Google Chrome Helper (Renderer).app/Contents/MacOS/Google Chrome Helper (Renderer)
47526     1   0.0 /System/Library/PrivateFrameworks/DesktopServicesPriv.framework/Versions/A/XPCServices/ArchiveService.xpc/Contents/MacOS/ArchiveService
48761     1   0.0 /System/Library/Frameworks/PaperKit.framework/Contents/LinkedNotesUIService.app/Contents/MacOS/LinkedNotesUIService
48808  2271   0.0 /Applications/Google Chrome.app/Contents/Frameworks/Google Chrome Framework.framework/Versions/151.0.7922.169/Helpers/Google Chrome Helper (Renderer).app/Contents/MacOS/Google Chrome Helper (Renderer)
48826     1   0.0 /System/Library/PrivateFrameworks/IntelligenceTasksEngine.framework/Support/intelligencetasksd
48861  2271   0.0 /Applications/Google Chrome.app/Contents/Frameworks/Google Chrome Framework.framework/Versions/151.0.7922.169/Helpers/Google Chrome Helper (Renderer).app/Contents/MacOS/Google Chrome Helper (Renderer)
49075  2271   0.0 /Applications/Google Chrome.app/Contents/Frameworks/Google Chrome Framework.framework/Versions/151.0.7922.169/Helpers/Google Chrome Helper (Renderer).app/Contents/MacOS/Google Chrome Helper (Renderer)
49109     1   0.0 /System/Library/PrivateFrameworks/RemoteManagement.framework/RemoteManagementAgent
49110     1   0.0 /System/Library/PrivateFrameworks/SafariFoundation.framework/Versions/A/XPCServices/SafariConfigurationSubscriber.xpc/Contents/MacOS/SafariConfigurationSubscriber
49113     1   0.0 /System/Library/PrivateFrameworks/RemoteManagement.framework/XPCServices/SecuritySubscriber.xpc/Contents/MacOS/SecuritySubscriber
49115     1   0.0 /System/Library/PrivateFrameworks/RemoteManagement.framework/XPCServices/InteractiveLegacyProfilesSubscriber.xpc/Contents/MacOS/InteractiveLegacyProfilesSubscriber
49118     1   0.0 /System/Library/PrivateFrameworks/RemoteManagement.framework/XPCServices/ScreenSharingSubscriber.xpc/Contents/MacOS/ScreenSharingSubscriber
49126     1   0.0 /System/Library/PrivateFrameworks/RemoteManagement.framework/XPCServices/LegacyProfilesSubscriber.xpc/Contents/MacOS/LegacyProfilesSubscriber
49127     1   0.0 /System/Library/PrivateFrameworks/RemoteManagement.framework/XPCServices/PasscodeSettingsSubscriber.xpc/Contents/MacOS/PasscodeSettingsSubscriber
49128     1   0.0 /System/Library/PrivateFrameworks/RemoteManagement.framework/XPCServices/AccountSubscriber.xpc/Contents/MacOS/AccountSubscriber
49129     1   0.0 /System/Library/PrivateFrameworks/RemoteManagement.framework/XPCServices/ManagedAppsSubscriber.xpc/Contents/MacOS/ManagedAppsSubscriber
49131     1   0.0 /System/Library/PrivateFrameworks/RemoteManagement.framework/XPCServices/ManagementTestSubscriber.xpc/Contents/MacOS/ManagementTestSubscriber
49132     1   0.0 /System/Library/PrivateFrameworks/RemoteManagement.framework/XPCServices/ASConfigurationSubscriber.xpc/Contents/MacOS/ASConfigurationSubscriber
49133     1   0.0 /System/Library/PrivateFrameworks/RemoteManagement.framework/XPCServices/ManagedSettingsSubscriber.xpc/Contents/MacOS/ManagedSettingsSubscriber
49615     1   0.0 /System/Library/PrivateFrameworks/AppleIntelligenceReportingProcessing.framework/Versions/A/XPCServices/AppleIntelligenceReportingProcessingService.xpc/Contents/MacOS/AppleIntelligenceReportingProcessingService
49673     1   0.0 /usr/sbin/cfprefsd
49675     1   0.0 /usr/sbin/cfprefsd
49680     1   0.0 /System/Library/PrivateFrameworks/AppleAccountTransparency.framework/Versions/A/Resources/appleaccounttransparencyd
49681     1   0.0 /usr/sbin/cfprefsd
49715     1   0.0 /usr/sbin/cfprefsd
49716     1   0.0 /usr/sbin/cfprefsd
49717     1   0.0 /usr/sbin/cfprefsd
49718     1   0.0 /usr/sbin/cfprefsd
49751     1   0.0 /usr/sbin/cfprefsd
49882     1   0.0 /usr/sbin/cfprefsd
49953     1   0.0 /System/Library/PrivateFrameworks/IntelligencePlatformCore.framework/Versions/A/knowledgeconstructiond
49996     1   0.0 /Library/Apple/System/Library/CoreServices/XProtect.app/Contents/XPCServices/XProtectPluginService.xpc/Contents/MacOS/XProtectPluginService
50327 61843   0.0 /Applications/Wave.app/Contents/Frameworks/Wave Helper (Renderer).app/Contents/MacOS/Wave Helper (Renderer)
50692 61843   0.0 /Applications/Wave.app/Contents/Frameworks/Wave Helper (Renderer).app/Contents/MacOS/Wave Helper (Renderer)
51335     1   0.0 /System/Library/PrivateFrameworks/BusinessChatService.framework/businessservicesd
51343     1   0.0 /System/Library/PrivateFrameworks/MessagesBlastDoorSupport.framework/Versions/A/XPCServices/MessagesBlastDoorService.xpc/Contents/MacOS/MessagesBlastDoorService
51963     1   2.2 /Applications/TencentMeeting.app/Contents/MacOS/TencentMeeting
52005 51963   0.0 --log_dir=/Users/wangweiyang/Library/Containers/com.tencent.meeting/Data/Library/Global/Logs/
52006     1   0.0 /System/Library/Frameworks/AudioToolbox.framework/XPCServices/com.apple.audio.SandboxHelper.xpc/Contents/MacOS/com.apple.audio.SandboxHelper
52022     1   0.0 /System/Library/PrivateFrameworks/SafariPlatformSupport.framework/Versions/A/XPCServices/com.apple.SafariPlatformSupport.Helper.xpc/Contents/MacOS/com.apple.SafariPlatformSupport.Helper
52024     1   0.0 /System/Library/Frameworks/Metal.framework/Versions/A/XPCServices/MTLCompilerService.xpc/Contents/MacOS/MTLCompilerService
52096     1   0.0 /System/Library/Frameworks/VideoToolbox.framework/Versions/A/XPCServices/VTDecoderXPCService.xpc/Contents/MacOS/VTDecoderXPCService
52175     1   0.0 /System/Library/Frameworks/WebKit.framework/Versions/A/XPCServices/com.apple.WebKit.GPU.xpc/Contents/MacOS/com.apple.WebKit.GPU
52176     1   0.0 /System/Library/Frameworks/WebKit.framework/Versions/A/XPCServices/com.apple.WebKit.Networking.xpc/Contents/MacOS/com.apple.WebKit.Networking
52178     1   0.0 /System/Library/Frameworks/WebKit.framework/Versions/A/XPCServices/com.apple.WebKit.WebContent.xpc/Contents/MacOS/com.apple.WebKit.WebContent
52188     1   0.0 /System/Library/Frameworks/AudioToolbox.framework/XPCServices/com.apple.audio.SandboxHelper.xpc/Contents/MacOS/com.apple.audio.SandboxHelper
52193     1   0.0 /System/Library/Frameworks/Metal.framework/Versions/A/XPCServices/MTLCompilerService.xpc/Contents/MacOS/MTLCompilerService
52194     1   0.0 /System/Library/Frameworks/Metal.framework/Versions/A/XPCServices/MTLCompilerService.xpc/Contents/MacOS/MTLCompilerService
52255     1   0.0 /System/Library/Frameworks/WebKit.framework/Versions/A/XPCServices/com.apple.WebKit.WebContent.xpc/Contents/MacOS/com.apple.WebKit.WebContent
52573     1   0.0 /System/Library/PrivateFrameworks/IDSBlastDoorSupport.framework/Versions/A/XPCServices/IDSBlastDoorService.xpc/Contents/MacOS/IDSBlastDoorService
52574     1   0.0 /System/Library/PrivateFrameworks/MessagesBlastDoorSupport.framework/Versions/A/XPCServices/MessagesBlastDoorService.xpc/Contents/MacOS/MessagesBlastDoorService
52636  2271   0.0 /Applications/Google Chrome.app/Contents/Frameworks/Google Chrome Framework.framework/Versions/151.0.7922.169/Helpers/Google Chrome Helper (Renderer).app/Contents/MacOS/Google Chrome Helper (Renderer)
53108  2271   0.0 /Applications/Google Chrome.app/Contents/Frameworks/Google Chrome Framework.framework/Versions/151.0.7922.169/Helpers/Google Chrome Helper (Renderer).app/Contents/MacOS/Google Chrome Helper (Renderer)
53112  2271   0.0 /Applications/Google Chrome.app/Contents/Frameworks/Google Chrome Framework.framework/Versions/151.0.7922.169/Helpers/Google Chrome Helper (Renderer).app/Contents/MacOS/Google Chrome Helper (Renderer)
53307     1   0.0 /System/Library/CoreServices/Setup Assistant.app/Contents/Resources/mbuseragent
53379     1   0.0 /usr/libexec/DataDetectorsSourceAccess
54672     1   0.0 /usr/libexec/microstackshot
54709     1   0.0 /System/Library/PrivateFrameworks/Noticeboard.framework/Versions/A/Resources/nbagent.app/Contents/MacOS/nbagent
54713     1   0.0 /System/Library/PrivateFrameworks/Noticeboard.framework/Versions/A/Resources/nbstated
54911     1   0.0 /System/Library/Frameworks/Metal.framework/Versions/A/XPCServices/MTLCompilerService.xpc/Contents/MacOS/MTLCompilerService
54922     1   0.0 /System/Library/Frameworks/VideoToolbox.framework/Versions/A/XPCServices/VTEncoderXPCService.xpc/Contents/MacOS/VTEncoderXPCService
54939     1   0.0 /System/Library/Frameworks/WebKit.framework/Versions/A/XPCServices/com.apple.WebKit.WebContent.xpc/Contents/MacOS/com.apple.WebKit.WebContent
56657 17113   0.0 /Applications/ChatGPT.app/Contents/Resources/cua_node/bin/node
56658 17113   0.0 /Applications/ChatGPT.app/Contents/Resources/cua_node/bin/node_repl
56659 17113   0.0 /Applications/ChatGPT.app/Contents/Resources/cua_node/bin/node
56660 17113   0.0 /Applications/ChatGPT.app/Contents/Resources/cua_node/bin/node
56662 56659   0.0 /Applications/ChatGPT.app/Contents/Resources/cua_node/bin/node_repl
57062     1   0.0 /System/Library/Frameworks/VideoToolbox.framework/Versions/A/XPCServices/VTDecoderXPCService.xpc/Contents/MacOS/VTDecoderXPCService
58211     1   0.0 /usr/sbin/BTLEServerAgent
58414 61843   0.0 /Applications/Wave.app/Contents/Frameworks/Wave Helper (Renderer).app/Contents/MacOS/Wave Helper (Renderer)
58638     1   0.0 /System/Library/PrivateFrameworks/Stickers.framework/Support/stickersd
58692     1   0.3 /Applications/BaiduNetdisk_mac.app/Contents/PlugIns/baiduNetdiskSync.appex/Contents/MacOS/baiduNetdiskSync
59101  2271   0.0 /Applications/Google Chrome.app/Contents/Frameworks/Google Chrome Framework.framework/Versions/151.0.7922.169/Helpers/Google Chrome Helper (Renderer).app/Contents/MacOS/Google Chrome Helper (Renderer)
59334 63861   0.0 /Applications/wpsoffice.app/Contents/SharedSupport/promecefpluginhost (GPU).app/Contents/MacOS/promecefpluginhost (GPU)
59335 63861   0.0 /Applications/wpsoffice.app/Contents/SharedSupport/promecefpluginhost.app/Contents/MacOS/promecefpluginhost
59336     1   0.0 /System/Library/Frameworks/VideoToolbox.framework/Versions/A/XPCServices/VTDecoderXPCService.xpc/Contents/MacOS/VTDecoderXPCService
59339     1   0.0 /System/Library/Frameworks/Metal.framework/Versions/A/XPCServices/MTLCompilerService.xpc/Contents/MacOS/MTLCompilerService
59340     1   0.0 /System/Library/Frameworks/Metal.framework/Versions/A/XPCServices/MTLCompilerService.xpc/Contents/MacOS/MTLCompilerService
60665     1   0.0 /System/Applications/System Settings.app/Contents/MacOS/System Settings
60666     1   0.0 /System/Library/Frameworks/ExtensionFoundation.framework/Versions/A/XPCServices/extensionkitservice.xpc/Contents/MacOS/extensionkitservice
60667     1   0.0 /System/Applications/System Settings.app/Contents/PlugIns/GeneralSettings.appex/Contents/MacOS/GeneralSettings
60669     1   0.0 /System/Library/ExtensionKit/Extensions/AppleIDSettings.appex/Contents/MacOS/AppleIDSettings
60671     1   0.0 /System/Library/ExtensionKit/Extensions/HeadphoneSettingsExtension.appex/Contents/MacOS/HeadphoneSettingsExtension
60672     1   0.0 /System/Library/ExtensionKit/Extensions/FamilySettings.appex/Contents/MacOS/FamilySettings
60674     1   0.0 /System/Library/ExtensionKit/Extensions/VPN.appex/Contents/MacOS/VPN
60675     1   0.0 /System/Library/ExtensionKit/Extensions/FollowUpSettingsExtension.appex/Contents/MacOS/FollowUpSettingsExtension
60676     1   0.0 /System/Library/ExtensionKit/Extensions/ClassroomSettings.appex/Contents/MacOS/ClassroomSettings
60702     1   0.0 /System/Library/ExtensionKit/Extensions/Wi-Fi.appex/Contents/MacOS/Wi-Fi
60931 15041   0.0 /Applications/WeChat.app/Contents/MacOS/WeChatAppEx.app/Contents/Frameworks/WeChatAppEx Framework.framework/Versions/C/Helpers/WeChatAppEx Helper (Renderer).app/Contents/MacOS/WeChatAppEx Helper (Renderer)
61186     1   0.0 /System/Library/Frameworks/NetFS.framework/Versions/A/XPCServices/PlugInLibraryService.xpc/Contents/MacOS/PlugInLibraryService
61193     1   0.0 /System/Library/Frameworks/NetFS.framework/Versions/A/XPCServices/PlugInLibraryService.xpc/Contents/MacOS/PlugInLibraryService
61196     1   0.0 /System/Library/PrivateFrameworks/XprotectFramework.framework/Versions/A/XPCServices/XprotectService.xpc/Contents/MacOS/XprotectService
61205     1   0.0 /System/Library/PrivateFrameworks/AutomationMode.framework/automationmode-writer
61224     1   0.0 /usr/libexec/xpcroleaccountd
61231     1   0.0 /System/Library/PrivateFrameworks/PackageKit.framework/Versions/A/XPCServices/package_script_service.xpc/Contents/MacOS/package_script_service
61265     1   0.0 /Library/Developer/PrivateFrameworks/CoreSimulator.framework/Versions/A/XPCServices/com.apple.CoreSimulator.CoreSimulatorService.xpc/Contents/MacOS/com.apple.CoreSimulator.CoreSimulatorService
61266     1   0.0 /Library/Developer/PrivateFrameworks/CoreSimulator.framework/Resources/bin/simdiskimaged
61268     1   0.0 /Library/Developer/PrivateFrameworks/CoreSimulator.framework/Versions/A/XPCServices/SimulatorTrampoline.xpc/Contents/MacOS/SimulatorTrampoline
61270     1   0.0 /Applications/Xcode.app/Contents/MacOS/Xcode
61273     1   0.0 /Applications/Xcode.app/Contents/SharedFrameworks/DVTFoundation.framework/Versions/A/XPCServices/com.apple.dt.Xcode.DeveloperSystemPolicyService.xpc/Contents/MacOS/com.apple.dt.Xcode.DeveloperSystemPolicyService
61277     1   0.0 /Library/Developer/PrivateFrameworks/CoreDevice.framework/Versions/A/XPCServices/CoreDeviceService.xpc/Contents/MacOS/CoreDeviceService
61280     1   0.0 /Library/Apple/System/Library/PrivateFrameworks/RemotePairing.framework/Versions/A/XPCServices/remotepairingd.xpc/Contents/MacOS/remotepairingd
61281     1   0.0 /Library/Apple/System/Library/PrivateFrameworks/RemotePairing.framework/Versions/A/Resources/bin/RemotePairingDataVaultHelper
61290     1   0.0 /Applications/Xcode.app/Contents/PlugIns/GPUDebugger.ideplugin/Contents/Frameworks/GPUToolsTransportAgents.framework/Versions/A/XPCServices/GPUToolsCompatService.xpc/Contents/MacOS/GPUToolsCompatService
61291     1   0.0 /usr/libexec/gputoolsserviced
61292     1   0.0 /Applications/Xcode.app/Contents/PlugIns/GPUDebugger.ideplugin/Contents/Frameworks/GPUToolsTransportAgents.framework/Versions/A/XPCServices/GPUToolsAgentService.xpc/Contents/MacOS/GPUToolsAgentService
61300     1   0.0 /System/Library/Frameworks/VideoToolbox.framework/Versions/A/XPCServices/VTDecoderXPCService.xpc/Contents/MacOS/VTDecoderXPCService
61309     1   0.0 /System/Library/PrivateFrameworks/CSExattrCrypto.framework/Versions/A/XPCServices/CSExattrCryptoService.xpc/Contents/MacOS/CSExattrCryptoService
61324     1   0.0 /System/Applications/Books.app/Contents/PlugIns/BooksThumbnail.appex/Contents/MacOS/BooksThumbnail
61352     1   0.0 /System/Library/Frameworks/VideoToolbox.framework/Versions/A/XPCServices/VTDecoderXPCService.xpc/Contents/MacOS/VTDecoderXPCService
61361  2271   0.0 /Applications/Google Chrome.app/Contents/Frameworks/Google Chrome Framework.framework/Versions/151.0.7922.169/Helpers/Google Chrome Helper (Renderer).app/Contents/MacOS/Google Chrome Helper (Renderer)
61569     1   0.0 /System/Library/PrivateFrameworks/MobileAsset.framework/Versions/A/XPCServices/ManifestStorageService.xpc/Contents/MacOS/ManifestStorageService
61669     1   0.0 /usr/libexec/icloudwebd
61812     1   0.0 /System/Library/PrivateFrameworks/WebPrivacy.framework/webprivacyd
61816     1   0.0 /System/Library/Frameworks/MediaAccessibility.framework/Versions/A/XPCServices/com.apple.accessibility.mediaaccessibilityd.xpc/Contents/MacOS/com.apple.accessibility.mediaaccessibilityd
61843     1   0.1 /Applications/Wave.app/Contents/MacOS/Wave
61849     1   0.0 /System/Library/Frameworks/StoreKit.framework/Support/storekitagent
61850 61843   0.0 /Applications/Wave.app/Contents/Resources/app.asar.unpacked/dist/bin/wavesrv.arm64
61851 61843   0.0 /Applications/Wave.app/Contents/Frameworks/Wave Helper.app/Contents/MacOS/Wave Helper
61852 61843   0.0 /Applications/Wave.app/Contents/Frameworks/Wave Helper.app/Contents/MacOS/Wave Helper
61855     1   0.0 /System/Library/Frameworks/Metal.framework/Versions/A/XPCServices/MTLCompilerService.xpc/Contents/MacOS/MTLCompilerService
61859 61843   0.0 /Applications/Wave.app/Contents/Frameworks/Wave Helper (Renderer).app/Contents/MacOS/Wave Helper (Renderer)
61864     1   0.0 /System/Library/Frameworks/Metal.framework/Versions/A/XPCServices/MTLCompilerService.xpc/Contents/MacOS/MTLCompilerService
61956     1   0.0 /System/Library/PrivateFrameworks/SafariPlatformSupport.framework/Versions/A/XPCServices/com.apple.SafariPlatformSupport.Helper.xpc/Contents/MacOS/com.apple.SafariPlatformSupport.Helper
62845  2271   0.0 /Applications/Google Chrome.app/Contents/Frameworks/Google Chrome Framework.framework/Versions/151.0.7922.169/Helpers/Google Chrome Helper (Renderer).app/Contents/MacOS/Google Chrome Helper (Renderer)
62860  2271   0.0 /Applications/Google Chrome.app/Contents/Frameworks/Google Chrome Framework.framework/Versions/151.0.7922.169/Helpers/Google Chrome Helper (Renderer).app/Contents/MacOS/Google Chrome Helper (Renderer)
63233     1   0.0 /usr/libexec/fskit_agent
63239     1   0.0 /System/Library/PrivateFrameworks/KerberosHelper/Helpers/DiskUnmountWatcher
63243     1   0.0 /System/Library/PrivateFrameworks/DiskImages2.framework/Versions/A/XPCServices/diskimagescontroller.xpc/Contents/MacOS/diskimagescontroller
63267     1   0.0 /usr/libexec/diskimagesiod
63272     1   0.0 /Library/Developer/PrivateFrameworks/CoreSimulator.framework/Versions/A/XPCServices/SimLaunchHost.arm64.xpc/Contents/MacOS/SimLaunchHost.arm64
63500     1   0.0 /usr/libexec/diskimagesiod
63690  2271   0.0 /Applications/Google Chrome.app/Contents/Frameworks/Google Chrome Framework.framework/Versions/151.0.7922.169/Helpers/Google Chrome Helper.app/Contents/MacOS/Google Chrome Helper
63691  2271   0.0 /Applications/Google Chrome.app/Contents/Frameworks/Google Chrome Framework.framework/Versions/151.0.7922.169/Helpers/Google Chrome Helper.app/Contents/MacOS/Google Chrome Helper
63805     1   0.0 /System/Library/Frameworks/NetFS.framework/Versions/A/XPCServices/PlugInLibraryService.xpc/Contents/MacOS/PlugInLibraryService
63861     1   4.8 /Applications/wpsoffice.app/Contents/MacOS/wpsoffice
63889     1   0.0 /System/Library/Frameworks/FinderSync.framework/Versions/A/XPCServices/IsExtensionEnabled.xpc/Contents/MacOS/IsExtensionEnabled
63912     1   0.0 /System/Library/PrivateFrameworks/SafariPlatformSupport.framework/Versions/A/XPCServices/com.apple.SafariPlatformSupport.Helper.xpc/Contents/MacOS/com.apple.SafariPlatformSupport.Helper
63913 63861   1.7 /Applications/wpsoffice.app/Contents/SharedSupport/wpsbackend.app/Contents/MacOS/wpsbackend
64692     1   0.0 /usr/libexec/diskimagesiod
65468     1   0.0 /System/Library/PrivateFrameworks/ContactsDonation.framework/Versions/A/Support/contactsdonationagent
65469     1   0.0 /System/Library/PrivateFrameworks/AvatarPersistence.framework/Support/avatarsd
66083 16795   0.0 /Applications/ChatGPT.app/Contents/Frameworks/Codex Framework.framework/Versions/152.0.7977.83/Helpers/Codex (Renderer).app/Contents/MacOS/Codex (Renderer)
66693     1   0.0 /System/Library/Frameworks/AppKit.framework/Versions/C/XPCServices/ThemeWidgetControlViewService.xpc/Contents/MacOS/ThemeWidgetControlViewService
66694     1   0.0 /System/Library/Frameworks/Metal.framework/Versions/A/XPCServices/MTLCompilerService.xpc/Contents/MacOS/MTLCompilerService
66695     1   0.0 /System/Library/Frameworks/Metal.framework/Versions/A/XPCServices/MTLCompilerService.xpc/Contents/MacOS/MTLCompilerService
66844     1   0.0 /System/Library/PrivateFrameworks/FileProviderDaemon.framework/XPCServices/FPCKService.xpc/Contents/MacOS/FPCKService
66906     1   0.0 /Applications/Amphetamine.app/Contents/MacOS/Amphetamine
71213  2271   0.0 /Applications/Google Chrome.app/Contents/Frameworks/Google Chrome Framework.framework/Versions/151.0.7922.169/Helpers/Google Chrome Helper (Renderer).app/Contents/MacOS/Google Chrome Helper (Renderer)
71615  2271   0.0 /Applications/Google Chrome.app/Contents/Frameworks/Google Chrome Framework.framework/Versions/151.0.7922.169/Helpers/Google Chrome Helper (Renderer).app/Contents/MacOS/Google Chrome Helper (Renderer)
71642 17113   0.0 /Applications/ChatGPT.app/Contents/Resources/cua_node/bin/node_repl
71643 17113   0.0 /Applications/ChatGPT.app/Contents/Resources/cua_node/bin/node
71644 17113   0.0 /Applications/ChatGPT.app/Contents/Resources/cua_node/bin/node
71645 17113   0.0 /Applications/ChatGPT.app/Contents/Resources/cua_node/bin/node
71687 71645   0.0 /Applications/ChatGPT.app/Contents/Resources/cua_node/bin/node_repl
72217 17113   0.0 /Applications/ChatGPT.app/Contents/Resources/cua_node/bin/node
72218 17113   0.0 /Applications/ChatGPT.app/Contents/Resources/cua_node/bin/node
72219 17113   0.0 /Applications/ChatGPT.app/Contents/Resources/cua_node/bin/node
72220 17113   0.0 /Applications/ChatGPT.app/Contents/Resources/cua_node/bin/node_repl
72263 72218   0.0 /Applications/ChatGPT.app/Contents/Resources/cua_node/bin/node_repl
75124     1   0.0 /System/Library/Frameworks/VideoToolbox.framework/Versions/A/XPCServices/VTDecoderXPCService.xpc/Contents/MacOS/VTDecoderXPCService
75125     1   0.0 /System/Library/Frameworks/AudioToolbox.framework/XPCServices/com.apple.audio.SandboxHelper.xpc/Contents/MacOS/com.apple.audio.SandboxHelper
75820 61843   0.0 /Applications/Wave.app/Contents/Frameworks/Wave Helper (Renderer).app/Contents/MacOS/Wave Helper (Renderer)
75822 61843   0.0 /Applications/Wave.app/Contents/Frameworks/Wave Helper (Renderer).app/Contents/MacOS/Wave Helper (Renderer)
76403 61843   0.0 /Applications/Wave.app/Contents/Frameworks/Wave Helper (Renderer).app/Contents/MacOS/Wave Helper (Renderer)
76672  2271   0.0 /Applications/Google Chrome.app/Contents/Frameworks/Google Chrome Framework.framework/Versions/151.0.7922.169/Helpers/Google Chrome Helper (Renderer).app/Contents/MacOS/Google Chrome Helper (Renderer)
78255 61843   0.0 /Applications/Wave.app/Contents/Frameworks/Wave Helper (Renderer).app/Contents/MacOS/Wave Helper (Renderer)
78820     1   0.0 /usr/libexec/biomesyncd
79009 61843   0.0 /Applications/Wave.app/Contents/Frameworks/Wave Helper (Renderer).app/Contents/MacOS/Wave Helper (Renderer)
80275 15041   0.0 /Applications/WeChat.app/Contents/MacOS/WeChatAppEx.app/Contents/Frameworks/WeChatAppEx Framework.framework/Versions/C/Helpers/WeApp.app/Contents/MacOS/WeApp
81138     1   0.0 /Applications/Xcode.app/Contents/SharedFrameworks/DVTKeychainService.framework/Versions/A/XPCServices/com.apple.dt.Xcode.KeychainService.xpc/Contents/MacOS/com.apple.dt.Xcode.KeychainService
81139     1   0.0 /Applications/Xcode.app/Contents/SharedFrameworks/DVTSourceControl.framework/Versions/A/XPCServices/com.apple.dt.Xcode.sourcecontrol.SSHHelper.xpc/Contents/MacOS/com.apple.dt.Xcode.sourcecontrol.SSHHelper
81143     1   0.0 /Applications/Xcode.app/Contents/PlugIns/IDEIntelligenceChat.framework/Versions/A/XPCServices/com.apple.dt.ExternalViewService.xpc/Contents/MacOS/com.apple.dt.ExternalViewService
81144     1   0.0 /System/Library/Frameworks/Metal.framework/Versions/A/XPCServices/MTLCompilerService.xpc/Contents/MacOS/MTLCompilerService
81145     1   0.0 /System/Library/Frameworks/Metal.framework/Versions/A/XPCServices/MTLCompilerService.xpc/Contents/MacOS/MTLCompilerService
81148     1   0.0 /Applications/Xcode.app/Contents/SharedFrameworks/SourceKit.framework/Versions/A/XPCServices/com.apple.dt.SKAgent.xpc/Contents/MacOS/com.apple.dt.SKAgent
81149     1   0.0 /Applications/Xcode.app/Contents/PlugIns/IDEIntelligenceChat.framework/Versions/A/XPCServices/com.apple.dt.ExternalModelService.xpc/Contents/MacOS/com.apple.dt.ExternalModelService
81152     1   0.0 /System/Library/Frameworks/NetFS.framework/Versions/A/XPCServices/PlugInLibraryService.xpc/Contents/MacOS/PlugInLibraryService
81153     1   0.0 /System/Library/ExtensionKit/Extensions/TGOnDeviceInferenceProviderService.appex/Contents/MacOS/TGOnDeviceInferenceProviderService
81156     1   0.0 /usr/sbin/distnoted
81157     1   0.0 /Applications/Xcode.app/Contents/SharedFrameworks/DVTSourceControl.framework/Versions/A/XPCServices/com.apple.dt.Xcode.sourcecontrol.WorkingCopyScanner.xpc/Contents/MacOS/com.apple.dt.Xcode.sourcecontrol.WorkingCopyScanner
81287     1   0.0 /System/Library/Frameworks/AppKit.framework/Versions/C/XPCServices/com.apple.appkit.xpc.openAndSavePanelService.xpc/Contents/MacOS/com.apple.appkit.xpc.openAndSavePanelService
81288     1   0.0 /System/Library/Frameworks/QuickLookUI.framework/Versions/A/XPCServices/QuickLookUIService.xpc/Contents/MacOS/QuickLookUIService
81521     1   0.0 /System/Library/Frameworks/AudioToolbox.framework/XPCServices/com.apple.audio.SandboxHelper.xpc/Contents/MacOS/com.apple.audio.SandboxHelper
81923     1   0.0 /System/Library/Frameworks/Metal.framework/Versions/A/XPCServices/MTLCompilerService.xpc/Contents/MacOS/MTLCompilerService
81931     1   0.0 /System/Library/Frameworks/Metal.framework/Versions/A/XPCServices/MTLCompilerService.xpc/Contents/MacOS/MTLCompilerService
81935     1   0.0 /System/Library/Frameworks/Metal.framework/Versions/A/XPCServices/MTLCompilerService.xpc/Contents/MacOS/MTLCompilerService
82666  2271   0.0 /Applications/Google Chrome.app/Contents/Frameworks/Google Chrome Framework.framework/Versions/151.0.7922.169/Helpers/Google Chrome Helper (Renderer).app/Contents/MacOS/Google Chrome Helper (Renderer)
83023 15041   0.0 /Applications/WeChat.app/Contents/MacOS/WeChatAppEx.app/Contents/Frameworks/WeChatAppEx Framework.framework/Versions/C/Helpers/WeChatAppEx Helper (Renderer).app/Contents/MacOS/WeChatAppEx Helper (Renderer)
85303     1   1.4 /Applications/Lark.app/Contents/MacOS/Feishu
85325 85303   0.0 /Applications/Lark.app/Contents/Frameworks/Lark Framework.framework/Versions/143.0.7499.203/Helpers/Lark Helper.app/Contents/MacOS/Lark Helper
85326 85303   0.0 /Applications/Lark.app/Contents/Frameworks/Lark Framework.framework/Versions/143.0.7499.203/Helpers/Lark Helper (GPU).app/Contents/MacOS/Lark Helper (GPU)
85327 85303   0.0 /Applications/Lark.app/Contents/Frameworks/Lark Framework.framework/Versions/143.0.7499.203/Helpers/Lark Helper.app/Contents/MacOS/Lark Helper
85334 85303   0.0 /Applications/Lark.app/Contents/Frameworks/Lark Framework.framework/Versions/143.0.7499.203/Helpers/Lark Helper.app/Contents/MacOS/Lark Helper
85339 85303   0.0 /Applications/Lark.app/Contents/Frameworks/Lark Framework.framework/Versions/143.0.7499.203/Helpers/Lark Helper.app/Contents/MacOS/Lark Helper
85345     1   0.0 /System/Library/Frameworks/Metal.framework/Versions/A/XPCServices/MTLCompilerService.xpc/Contents/MacOS/MTLCompilerService
85346     1   0.0 /System/Library/Frameworks/Metal.framework/Versions/A/XPCServices/MTLCompilerService.xpc/Contents/MacOS/MTLCompilerService
85348     1   0.0 /System/Library/Frameworks/Metal.framework/Versions/A/XPCServices/MTLCompilerService.xpc/Contents/MacOS/MTLCompilerService
85349     1   0.0 /System/Library/Frameworks/Metal.framework/Versions/A/XPCServices/MTLCompilerService.xpc/Contents/MacOS/MTLCompilerService
85364 85303   0.0 /Applications/Lark.app/Contents/Frameworks/Lark Framework.framework/Versions/143.0.7499.203/Helpers/Lark Helper (Renderer).app/Contents/MacOS/Lark Helper (Renderer)
85366     1   0.0 /System/Library/PrivateFrameworks/UniversalAccess.framework/Versions/A/Resources/universalAccessAuthWarn.app/Contents/MacOS/universalAccessAuthWarn
85384     1   0.0 /System/Library/Frameworks/VideoToolbox.framework/Versions/A/XPCServices/VTEncoderXPCService.xpc/Contents/MacOS/VTEncoderXPCService
85385 85303   0.0 /Applications/Lark.app/Contents/Frameworks/Lark Framework.framework/Versions/143.0.7499.203/Helpers/Lark Helper.app/Contents/MacOS/Lark Helper
85386     1   0.0 /System/Library/Frameworks/AudioToolbox.framework/XPCServices/com.apple.audio.SandboxHelper.xpc/Contents/MacOS/com.apple.audio.SandboxHelper
85416     1   0.0 /System/Library/PrivateFrameworks/SafariPlatformSupport.framework/Versions/A/XPCServices/com.apple.SafariPlatformSupport.Helper.xpc/Contents/MacOS/com.apple.SafariPlatformSupport.Helper
85575     1   0.0 /System/Library/Frameworks/AppKit.framework/Versions/C/XPCServices/com.apple.appkit.xpc.openAndSavePanelService.xpc/Contents/MacOS/com.apple.appkit.xpc.openAndSavePanelService
85576     1   0.0 /System/Library/Frameworks/QuickLookUI.framework/Versions/A/XPCServices/QuickLookUIService.xpc/Contents/MacOS/QuickLookUIService
85612     1   0.0 /System/Library/Frameworks/Metal.framework/Versions/A/XPCServices/MTLCompilerService.xpc/Contents/MacOS/MTLCompilerService
85940     1   0.0 /System/Library/CoreServices/KeyboardSetupAssistant.app/Contents/MacOS/KeyboardSetupAssistant
85941     1   0.0 /System/Library/Frameworks/Metal.framework/Versions/A/XPCServices/MTLCompilerService.xpc/Contents/MacOS/MTLCompilerService
85942     1   0.0 /System/Library/Frameworks/Metal.framework/Versions/A/XPCServices/MTLCompilerService.xpc/Contents/MacOS/MTLCompilerService
85948 15041   0.0 /Applications/WeChat.app/Contents/MacOS/WeChatAppEx.app/Contents/Frameworks/WeChatAppEx Framework.framework/Versions/C/Helpers/WeChatAppEx Helper (Renderer).app/Contents/MacOS/WeChatAppEx Helper (Renderer)
86064 61843   0.0 /Applications/Wave.app/Contents/Frameworks/Wave Helper (Renderer).app/Contents/MacOS/Wave Helper (Renderer)
86119     1   0.0 /System/Library/Frameworks/QuickLookUI.framework/Versions/A/PlugIns/QLPreviewGenerationExtension.appex/Contents/MacOS/QLPreviewGenerationExtension
86224     1   0.0 /System/Library/Frameworks/AppKit.framework/Versions/C/XPCServices/com.apple.appkit.xpc.openAndSavePanelService.xpc/Contents/MacOS/com.apple.appkit.xpc.openAndSavePanelService
86225     1   0.0 /System/Library/Frameworks/QuickLookUI.framework/Versions/A/XPCServices/QuickLookUIService.xpc/Contents/MacOS/QuickLookUIService
86265     1   0.0 /System/Library/Frameworks/ApplicationServices.framework/Versions/A/Frameworks/SpeechSynthesis.framework/Versions/A/XPCServices/SpeechSynthesisServerXPC.xpc/Contents/MacOS/SpeechSynthesisServerXPC
86281  2271   0.0 /Applications/Google Chrome.app/Contents/Frameworks/Google Chrome Framework.framework/Versions/151.0.7922.169/Helpers/Google Chrome Helper (Renderer).app/Contents/MacOS/Google Chrome Helper (Renderer)
87318     1   0.0 /System/Library/Frameworks/CoreServices.framework/Versions/A/Frameworks/Metadata.framework/Versions/A/Support/mdworker_shared
87351     1   0.0 /System/Library/Frameworks/CoreServices.framework/Versions/A/Frameworks/Metadata.framework/Versions/A/Support/mdworker_shared
87378     1   0.0 /System/Library/PrivateFrameworks/CoreParsec.framework/parsec-fbf
87389 17113   0.0 /bin/bash
87390 87389   0.0 /Applications/Xcode.app/Contents/Developer/Library/Frameworks/Python3.framework/Versions/3.9/Resources/Python.app/Contents/MacOS/Python
87400     1   0.0 /System/Library/Frameworks/CoreServices.framework/Versions/A/Frameworks/Metadata.framework/Versions/A/Support/mdworker_shared
87401     1   0.0 /System/Library/Frameworks/CoreServices.framework/Versions/A/Frameworks/Metadata.framework/Versions/A/Support/mdworker_shared
87402     1   0.0 /System/Library/Frameworks/CoreServices.framework/Versions/A/Frameworks/Metadata.framework/Versions/A/Support/mdworker_shared
87403     1   0.0 /System/Library/Frameworks/CoreServices.framework/Versions/A/Frameworks/Metadata.framework/Versions/A/Support/mdworker_shared
87404     1   0.0 /System/Library/Frameworks/CoreServices.framework/Versions/A/Frameworks/Metadata.framework/Versions/A/Support/mdworker_shared
87406     1   0.0 /System/Library/Frameworks/CoreServices.framework/Versions/A/Frameworks/Metadata.framework/Versions/A/Support/mdworker_shared
87407     1   0.0 /System/Library/Frameworks/CoreServices.framework/Versions/A/Frameworks/Metadata.framework/Versions/A/Support/mdworker_shared
87408     1   0.0 /System/Library/Frameworks/CoreServices.framework/Versions/A/Frameworks/Metadata.framework/Versions/A/Support/mdworker_shared
87545     1   0.0 /System/Library/Frameworks/CoreServices.framework/Versions/A/Frameworks/Metadata.framework/Versions/A/Support/mdworker_shared
87546     1   0.0 /System/Library/Frameworks/CoreServices.framework/Versions/A/Frameworks/Metadata.framework/Versions/A/Support/mdworker_shared
87547     1   0.0 /System/Library/Frameworks/CoreServices.framework/Versions/A/Frameworks/Metadata.framework/Versions/A/Support/mdworker_shared
87548     1   0.0 /System/Library/Frameworks/CoreServices.framework/Versions/A/Frameworks/Metadata.framework/Versions/A/Support/mdworker_shared
87549     1   0.0 /System/Library/Frameworks/CoreServices.framework/Versions/A/Frameworks/Metadata.framework/Versions/A/Support/mdworker_shared
87565     1   0.0 /System/Library/Frameworks/CoreServices.framework/Versions/A/Frameworks/Metadata.framework/Versions/A/Support/mdworker_shared
87590     1   0.0 /System/Library/PrivateFrameworks/UniversalAccess.framework/Versions/A/Resources/AXVisualSupportAgent.app/Contents/MacOS/AXVisualSupportAgent
87610     1   0.0 /System/Library/Frameworks/CoreServices.framework/Versions/A/Frameworks/Metadata.framework/Versions/A/Support/mdworker_shared
87687  1667   0.0 <defunct>
87691 87390   0.0 ps
88128 85303   0.0 /Applications/Lark.app/Contents/Frameworks/Lark Framework.framework/Versions/143.0.7499.203/Helpers/Lark Helper (Renderer).app/Contents/MacOS/Lark Helper (Renderer)
90762 17113   0.0 /Applications/ChatGPT.app/Contents/Resources/cua_node/bin/node
90763 17113   0.0 /Applications/ChatGPT.app/Contents/Resources/cua_node/bin/node
90764 17113   0.0 /Applications/ChatGPT.app/Contents/Resources/cua_node/bin/node_repl
90765 17113   0.0 /Applications/ChatGPT.app/Contents/Resources/cua_node/bin/node
90766 90762   0.0 /Applications/ChatGPT.app/Contents/Resources/cua_node/bin/node_repl
91330     1   0.0 /usr/sbin/cfprefsd
91376     1   0.0 /usr/libexec/PerfPowerServices
93457     1   0.0 /System/Library/Frameworks/Speech.framework/Versions/A/XPCServices/localspeechrecognition.xpc/Contents/MacOS/localspeechrecognition
95971     1   0.0 /Applications/ChatGPT.app/Contents/Frameworks/Sparkle.framework/Versions/B/Autoupdate
95972     1   0.0 /Users/wangweiyang/Library/Caches/com.openai.codex/org.sparkle-project.Sparkle/Launcher/qRhg1WKVt/Updater.app/Contents/MacOS/Updater
95991  2271   0.0 /Applications/Google Chrome.app/Contents/Frameworks/Google Chrome Framework.framework/Versions/151.0.7922.169/Helpers/Google Chrome Helper (Renderer).app/Contents/MacOS/Google Chrome Helper (Renderer)
97240  2271   0.0 /Applications/Google Chrome.app/Contents/Frameworks/Google Chrome Framework.framework/Versions/151.0.7922.169/Helpers/Google Chrome Helper (Renderer).app/Contents/MacOS/Google Chrome Helper (Renderer)
97597     1   0.0 /usr/libexec/syspolicyd
97625     1   0.0 /System/Library/PrivateFrameworks/XprotectFramework.framework/Versions/A/XPCServices/XprotectService.xpc/Contents/MacOS/XprotectService
97702     1   0.0 /System/Library/PrivateFrameworks/CloudTelemetry.framework/Versions/A/XPCServices/CloudTelemetryService.xpc/Contents/MacOS/CloudTelemetryService
97703     1   0.0 /System/Library/PrivateFrameworks/XprotectFramework.framework/Versions/A/XPCServices/XProtectBridgeService.xpc/Contents/MacOS/XProtectBridgeService
99555     1   1.4 /usr/sbin/bluetoothd
99741     1   0.0 /System/Library/PrivateFrameworks/IntelligencePlatformCompute.framework/Versions/A/XPCServices/IntelligencePlatformComputeService.xpc/Contents/MacOS/IntelligencePlatformComputeService
99787     1   0.0 /usr/sbin/netbiosd
99820     1   0.0 /System/Library/DriverExtensions/IOUserBluetoothSerialDriver.dext/IOUserBluetoothSerialDriver
61868 61850   0.0 /bin/bash
62192 61868   0.0 node
62193 62192   0.0 /Users/wangweiyang/.nvm/versions/node/v22.14.0/lib/node_modules/@openai/codex/node_modules/@openai/codex-darwin-arm64/vendor/aarch64-apple-darwin/bin/codex
62482 62193   0.0 /Applications/ChatGPT.app/Contents/Resources/cua_node/bin/node_repl
62749 62193   0.0 /Users/wangweiyang/.nvm/versions/node/v22.14.0/lib/node_modules/@openai/codex/node_modules/@openai/codex-darwin-arm64/vendor/aarch64-apple-darwin/bin/codex-code-mode-host
 6656 70657   0.0 /Applications/ChatGPT.app/Contents/Resources/cua_node/bin/node_repl
57643 61850   0.0 /bin/bash
70656 57643   0.0 node
70657 70656   0.0 /Users/wangweiyang/.nvm/versions/node/v22.14.0/lib/node_modules/@openai/codex/node_modules/@openai/codex-darwin-arm64/vendor/aarch64-apple-darwin/bin/codex
72192 70657   0.0 /Users/wangweiyang/.nvm/versions/node/v22.14.0/lib/node_modules/@openai/codex/node_modules/@openai/codex-darwin-arm64/vendor/aarch64-apple-darwin/bin/codex-code-mode-host
19994 58774   0.0 /Users/wangweiyang/.nvm/versions/node/v22.14.0/lib/node_modules/@openai/codex/node_modules/@openai/codex-darwin-arm64/vendor/aarch64-apple-darwin/bin/codex-code-mode-host
49041 59106   0.0 /Applications/ChatGPT.app/Contents/Resources/cua_node/bin/node
49042 59106   0.0 /Applications/ChatGPT.app/Contents/Resources/cua_node/bin/node
49044 59106   0.0 /Applications/ChatGPT.app/Contents/Resources/codex
58773 85793   0.0 node
58774 58773   0.0 /Users/wangweiyang/.nvm/versions/node/v22.14.0/lib/node_modules/@openai/codex/node_modules/@openai/codex-darwin-arm64/vendor/aarch64-apple-darwin/bin/codex
59103 58774   0.0 /Applications/ChatGPT.app/Contents/Resources/cua_node/bin/node
59104 58774   0.0 /Applications/ChatGPT.app/Contents/Resources/cua_node/bin/node_repl
59106 59103   0.0 /Applications/ChatGPT.app/Contents/Resources/cua_node/bin/node_repl
85793 61850   0.0 /bin/bash
39395 39394   0.0 bash
39674 39395   0.0 /bin/bash
39675 39395   0.0 tee
87644 39674   0.0 sleep
40500 39394   0.0 bash
40786 40500   0.0 caffeinate
87537 40500   0.0 sleep
48920 61850   0.0 /bin/bash
57064 84202   0.0 node
57066 57064   0.0 /Users/wangweiyang/.nvm/versions/node/v22.14.0/lib/node_modules/@openai/codex/node_modules/@openai/codex-darwin-arm64/vendor/aarch64-apple-darwin/bin/codex
57297 57066   0.0 /Applications/ChatGPT.app/Contents/Resources/cua_node/bin/node_repl
58095 57066   0.0 /Users/wangweiyang/.nvm/versions/node/v22.14.0/lib/node_modules/@openai/codex/node_modules/@openai/codex-darwin-arm64/vendor/aarch64-apple-darwin/bin/codex-code-mode-host
84202 61850   0.0 /bin/bash
54130 61850   0.0 /bin/bash
75548 61850   0.0 /bin/bash
48924 61850   0.0 /bin/bash
48930 61850   0.0 /bin/bash
49823 61850   0.0 /bin/bash
50104 61850   0.0 /bin/bash
75830 61850   0.0 /bin/bash
76132 61850   0.0 /bin/bash
76429 61850   0.0 /bin/bash
76434 61850   0.0 /bin/bash
77982 61850   0.0 /bin/bash
91243 77982   0.0 node
91244 91243   0.0 /Users/wangweiyang/.nvm/versions/node/v22.14.0/lib/node_modules/@openai/codex/node_modules/@openai/codex-darwin-arm64/vendor/aarch64-apple-darwin/bin/codex
91532 91244   0.0 /Applications/ChatGPT.app/Contents/Resources/cua_node/bin/node_repl
91533 91244   0.0 /Applications/ChatGPT.app/Contents/Resources/cua_node/bin/node
91534 91533   0.0 /Applications/ChatGPT.app/Contents/Resources/cua_node/bin/node_repl
92324 91244   0.0 /Users/wangweiyang/.nvm/versions/node/v22.14.0/lib/node_modules/@openai/codex/node_modules/@openai/codex-darwin-arm64/vendor/aarch64-apple-darwin/bin/codex-code-mode-host
94318 91534   0.0 /Applications/ChatGPT.app/Contents/Resources/codex
